id,split,uci_row_number,label,text,word_p_spam,word_pred,char_p_spam,char_pred,prediction_source,mean_p_spam,opposite_model_score,word_model_opposes,char_model_opposes,models_agree_opposite,opposite_neighbor_fraction,closest_opposite_id,closest_opposite_label,closest_opposite_similarity,neighbor_signal_opposes,automated_signal_count,neighbor_ids,neighbor_labels,neighbor_similarities,model_disagreement,distance_to_boundary,neighbor_mixedness,ambiguity_score
H0935,heldout,4703,ham,I liked the new mobile,0.4345677578696548,ham,0.5273291533019913,spam,fit-all-train,0.480948455585823,0.480948455585823,False,True,False,0.4824049768822607,H0891,spam,0.27291848772163463,False,1,T3887|H0891|T3205|T3209|T3348,ham|spam|ham|spam|spam,0.5647|0.2729|0.2656|0.2514|0.2495,True,0.019051544414177002,0.9648099537645214,1.7478208926774546
T0935,train,1155,spam,1000's of girls many local 2 u who r virgins 2 this & r ready 2 4fil ur every sexual need. Can u 4fil theirs? text CUTE to 69911(£1.50p. m),0.4428982358315815,ham,0.5423869357400809,spam,5-fold-oof,0.4926425857858312,0.5073574142141688,True,False,False,0.5770142019580133,H1020,ham,0.16402522811823017,False,1,T0848|H1020|T3018|T3948|T1683,spam|ham|ham|spam|ham,0.1836|0.1640|0.1633|0.1621|0.1443,True,0.0073574142141688,0.8459715960839733,1.7236738100052515
T3511,train,4374,spam,"Ur balance is now £600. Next question: Complete the landmark, Big, A. Bob, B. Barry or C. Ben ?. Text A, B or C to 83738. Good luck!",0.554217506492687,spam,0.440937371893163,ham,5-fold-oof,0.49757743919292496,0.502422560807075,False,True,False,0.6174290884892938,T4341,ham,0.1884043696462906,False,1,T1073|T4341|T4125|H0608|T0114,spam|ham|ham|ham|ham,0.4095|0.1884|0.1604|0.1573|0.1547,True,0.002422560807075036,0.7651418230214124,1.701211607594415
T0660,train,816,spam,"U were outbid by simonwatson5120 on the Shinco DVD Plyr. 2 bid again, visit sms. ac/smsrewards 2 end bid notifications, reply END OUT",0.6001556918395383,spam,0.3621159927257866,ham,5-fold-oof,0.4811358422826625,0.5188641577173375,False,True,False,0.3866546285845047,H0421,ham,0.1665184420780037,False,1,T2875|H0421|T0928|T1889|T0047,spam|ham|spam|ham|spam,0.2022|0.1665|0.1594|0.1568|0.1513,True,0.018864157717337515,0.7733092571690094,1.6715953874329288
H0146,heldout,762,spam,"Romantic Paris. 2 nights, 2 flights from £79 Book now 4 next year. Call 08704439680Ts&Cs apply.",0.600756930177539,spam,0.4445716628880646,ham,fit-all-train,0.5226642965328018,0.4773357034671982,False,True,False,0.6167123971301641,T1833,ham,0.26791163257701645,False,1,T1833|T3023|T0189|T1474|T2878,ham|spam|ham|ham|spam,0.2679|0.2281|0.1807|0.1643|0.1528,True,0.022664296532801775,0.7665752057396718,1.6613014892302653
T0712,train,882,spam,Reminder: You have not downloaded the content you have already paid for. Goto http://doit. mymoby. tv/ to collect your content.,0.6148475690062326,spam,0.3540974913413101,ham,5-fold-oof,0.48447253017377134,0.5155274698262287,False,True,False,0.3511844578755575,T1304,ham,0.22399234013603586,False,1,T3591|T0141|T3724|T1304|T3501,spam|spam|spam|ham|ham,0.2956|0.2695|0.2516|0.2240|0.2180,True,0.015527469826228657,0.702368915751115,1.6498926266479885
H0151,heldout,789,spam,Ever thought about living a good life with a perfect partner? Just txt back NAME and AGE to join the mobile community. (100p/SMS),0.5622279061517449,spam,0.3673334678250162,ham,fit-all-train,0.46478068698838054,0.5352193130116194,False,True,False,0.6254805978554951,T1910,ham,0.20768052711938112,False,1,H0181|T1910|T4276|H0831|T1607,spam|ham|ham|ham|ham,0.4763|0.2077|0.2043|0.1933|0.1901,True,0.03521931301161946,0.7490388042890097,1.629176895692365
T2259,train,2805,spam,FreeMsg>FAV XMAS TONES!Reply REAL,0.4704565365912369,ham,0.6328025727792658,spam,5-fold-oof,0.5516295546852513,0.4483704453147487,True,False,False,0.3715718442472611,T0804,ham,0.2042698357269659,False,1,T1667|T0804|T1862|H0377|T3409,spam|ham|ham|spam|spam,0.3119|0.2043|0.2043|0.1899|0.1892,True,0.05162955468525132,0.7431436884945222,1.5939983660273063
H0181,heldout,944,spam,How about getting in touch with folks waiting for company? Just txt back your NAME and AGE to opt in! Enjoy the community (150p/SMS),0.5939435406754905,spam,0.4752049037900886,ham,fit-all-train,0.5345742222327896,0.4654257777672104,False,True,False,0.6758966656039881,T3536,ham,0.3076990034778413,True,2,H0151|T3536|T1607|T0470|H0670,spam|ham|ham|ham|ham,0.4763|0.3077|0.2406|0.2328|0.2121,True,0.03457422223278961,0.6482066687920238,1.5901342230512303
T2758,train,3423,spam,Welcome! Please reply with your AGE and GENDER to begin. e.g 24M,0.4891100271839933,ham,0.5229652461306762,spam,5-fold-oof,0.5060376366573347,0.4939623633426653,True,False,False,0.7483771341450755,H0267,ham,0.23044211066559772,False,1,T1660|H0267|T3406|T3006|T2852,spam|ham|ham|ham|ham,0.2763|0.2304|0.1971|0.1971|0.1971,True,0.0060376366573346996,0.5032457317098491,1.5892230193692702
H0944,heldout,4753,spam,Your weekly Cool-Mob tones are ready to download !This weeks new Tones include: 1) Crazy Frog-AXEL F>>> 2) Akon-Lonely>>> 3) Black Eyed-Dont P >>>More info in n,0.5042017149463858,spam,0.4848229635197865,ham,fit-all-train,0.49451233923308613,0.5054876607669139,False,True,False,0.2144496416803464,T1304,ham,0.22748878453058397,False,1,T2153|T1304|T1807|T3055|T3379,spam|ham|spam|spam|spam,0.2716|0.2275|0.1932|0.1842|0.1842,True,0.005487660766913871,0.42889928336069283,1.5605843918104494
H1024,heldout,5101,spam,"TheMob>Hit the link to get a premium Pink Panther game, the new no. 1 from Sugababes, a crazy Zebra animation or a badass Hoody wallpaper-all 4 FREE!",0.6745142060402589,spam,0.3662261050478882,ham,fit-all-train,0.5203701555440736,0.4796298444559264,False,True,False,0.22858563789416358,T0085,ham,0.22913244604085592,False,1,T0085|T1604|T4395|T0540|T4037,ham|spam|spam|spam|spam,0.2291|0.2229|0.2138|0.1795|0.1572,True,0.02037015554407362,0.45717127578832717,1.5421281992271836
H0801,heldout,4074,spam,Loans for any purpose even if you have Bad Credit! Tenants Welcome. Call NoWorriesLoans.com on 08717111821,0.5367876659597505,spam,0.482847908368184,ham,fit-all-train,0.5098177871639672,0.4901822128360328,False,True,False,0.16545510301538363,T0083,ham,0.23379736812632934,False,1,T0374|T2420|T1429|T0083|H0425,spam|spam|spam|ham|spam,0.3364|0.3364|0.3364|0.2338|0.1699,True,0.009817787163967195,0.33091020603076726,1.5127285080843726
T3592,train,4476,spam,Want explicit SEX in 30 secs? Ring 02073162414 now! Costs 20p/min,0.3894607945688887,ham,0.5527189628277662,spam,5-fold-oof,0.47108987869832747,0.5289101213016725,True,False,False,0.20857991623925837,T2308,ham,0.17891624920814897,False,1,T4431|T2308|H0075|T4305|T1471,spam|ham|ham|spam|spam,0.9098|0.1789|0.1160|0.1102|0.0991,True,0.02891012130167253,0.41715983247851673,1.5090436903880617
T1363,train,1700,spam,"Free msg. Sorry, a service you ordered from 81303 could not be delivered as you do not have sufficient credit. Please top up to receive the service.",0.4963981262563179,ham,0.7180337704540899,spam,5-fold-oof,0.6072159483552039,0.39278405164479613,True,False,False,0.3956294896108952,T0838,ham,0.2561626605992875,False,1,T0141|T0135|T0838|T0547|T0976,spam|spam|ham|ham|spam,0.2728|0.2638|0.2562|0.2341|0.2123,True,0.10721594835520387,0.7912589792217904,1.5020716949783086
T0433,train,530,spam,You will recieve your tone within the next 24hrs. For Terms and conditions please see Channel U Teletext Pg 750,0.2521741822497687,ham,0.6536121930668424,spam,5-fold-oof,0.45289318765830555,0.5471068123416944,True,False,False,0.22711164639543185,H0625,ham,0.24163887865983014,False,1,H0625|T2670|T0398|T4057|T1149,ham|spam|spam|spam|spam,0.2416|0.2225|0.2225|0.2213|0.1559,True,0.04710681234169445,0.4542232927908637,1.4874756924329566
T3811,train,4755,spam,Cashbin.co.uk (Get lots of cash this weekend!) www.cashbin.co.uk Dear Welcome to the weekend We have got our biggest and best EVER cash give away!! These..,0.7110158094995612,spam,0.3618215502759748,ham,5-fold-oof,0.536418679887768,0.46358132011223196,False,True,False,0.8102961402665937,T2951,ham,0.2884183178367833,False,1,T2951|H0888|T2030|T2612|H0074,ham|ham|spam|ham|ham,0.2884|0.2599|0.2347|0.2321|0.2219,True,0.036418679887768035,0.3794077194668126,1.4789257280111892
T4301,train,5380,spam,The current leading bid is 151. To pause this auction send OUT. Customer Care: 08718726270,0.2906607083194352,ham,0.5059300285002343,spam,5-fold-oof,0.3982953684098347,0.6017046315901653,True,False,False,0.33867090537875016,H0615,ham,0.23095311378997074,False,1,T3896|T2875|H0615|H0543|T2365,spam|spam|ham|ham|spam,0.4245|0.2511|0.2310|0.2288|0.2221,True,0.1017046315901653,0.6773418107575003,1.4675274611226694
T1427,train,1779,spam,Buy Space Invaders 4 a chance 2 win orig Arcade Game console. Press 0 for Games Arcade (std WAP charge) See o2.co.uk/games 4 Terms + settings. No purchase,0.7258890569359262,spam,0.4405741764222142,ham,5-fold-oof,0.5832316166790702,0.4167683833209298,False,True,False,0.2896931510230962,T3089,ham,0.1586257003186904,False,1,H0939|T1850|T3089|T0562|T2521,spam|spam|ham|ham|spam,0.4410|0.1624|0.1586|0.1470|0.1460,True,0.0832316166790702,0.5793863020461923,1.4652912874603368
T3796,train,4736,spam,Buy Space Invaders 4 a chance 2 win orig Arcade Game console. Press 0 for Games Arcade (std WAP charge) See o2.co.uk/games 4 Terms + settings. No purchase,0.7258890569359262,spam,0.4405741764222142,ham,5-fold-oof,0.5832316166790702,0.4167683833209298,False,True,False,0.2896931510230962,T3089,ham,0.1586257003186904,False,1,H0939|T1850|T3089|T0562|T2521,spam|spam|ham|ham|spam,0.4410|0.1624|0.1586|0.1470|0.1460,True,0.0832316166790702,0.5793863020461923,1.4652912874603368
T2658,train,3303,spam,RCT' THNQ Adrian for U text. Rgds Vatian,0.8141420056632531,spam,0.1338449581823279,ham,5-fold-oof,0.4739934819227905,0.5260065180772096,False,True,False,0.8565978178328101,T1450,ham,0.2356474467958002,False,1,T1450|T4133|T2896|T2528|H0511,ham|ham|ham|spam|ham,0.2356|0.1862|0.1172|0.1078|0.1049,True,0.026006518077209495,0.28680436433437984,1.462708709579333
T3123,train,3886,spam,A link to your picture has been sent. You can also use http://alto18.co.uk/wave/wave.asp?o=44345,0.6943759117492757,spam,0.4193300936027511,ham,5-fold-oof,0.5568530026760135,0.44314699732398655,False,True,False,0.19091033184632025,H0073,ham,0.18540994772706731,False,1,T3979|T3351|T0016|T0422|H0073,spam|spam|spam|spam|ham,0.2000|0.1975|0.1956|0.1927|0.1854,True,0.05685300267601345,0.38182066369264045,1.439022260125029
H0030,heldout,192,spam,Are you unique enough? Find out from 30th August. www.areyouunique.co.uk,0.7631857393357281,spam,0.3696917427503889,ham,fit-all-train,0.5664387410430585,0.43356125895694153,False,True,False,0.7905190541457218,T0261,ham,0.2340825863000412,False,1,T0261|T3822|T2568|T0373|T3069,ham|spam|ham|ham|ham,0.2341|0.2012|0.1875|0.1837|0.1541,True,0.06643874104305847,0.41896189170855647,1.4347072745973055
T1884,train,2353,spam,"Download as many ringtones as u like no restrictions, 1000s 2 choose. U can even send 2 yr buddys. Txt Sir to 80082 £3 ",0.1914713122856008,ham,0.5293809448324001,spam,5-fold-oof,0.3604261285590004,0.6395738714409995,True,False,False,0.6274142150523857,T1304,ham,0.26453681968999154,False,1,T1304|H0741|T1807|H0044|T1007,ham|ham|spam|spam|ham,0.2645|0.2115|0.1961|0.1922|0.1777,True,0.1395738714409996,0.7451715698952286,1.4189208850760924
T1174,train,1461,spam,Bought one ringtone and now getting texts costing 3 pound offering more tones etc,0.2411734411138572,ham,0.6177699940649044,spam,5-fold-oof,0.4294717175893808,0.5705282824106193,True,False,False,0.1979982597588444,T3536,ham,0.21613365529476902,False,1,T3202|T3285|T3536|T1807|T0550,spam|spam|ham|spam|spam,0.2272|0.2218|0.2161|0.2139|0.2125,True,0.0705282824106192,0.3959965195176889,1.4173420429858372
T2824,train,3502,spam,Dorothy@kiefer.com (Bank of Granite issues Strong-Buy) EXPLOSIVE PICK FOR OUR MEMBERS *****UP OVER 300% *********** Nasdaq Symbol CDGT That is a $5.00 per..,0.5036570783387393,spam,0.4241145047977395,ham,5-fold-oof,0.4638857915682394,0.5361142084317606,False,True,False,0.07636330173309368,T2946,ham,0.12269048365667456,False,1,T3212|H0467|T1654|T1685|T2946,spam|spam|spam|spam|ham,0.9600|0.2109|0.1818|0.1314|0.1227,True,0.03611420843176061,0.15272660346618738,1.3888622245229538
T4097,train,5123,spam,PRIVATE! Your 2003 Account Statement for 078,0.5010608996732624,spam,0.4720777729638119,ham,5-fold-oof,0.48656933631853716,0.5134306636814628,False,True,False,0.0,,,0.0,False,1,T3878|H0110|T3737|T4026|T0435,spam|spam|spam|spam|spam,0.4966|0.4900|0.4884|0.4863|0.4860,True,0.01343066368146284,0.0,1.3731386726370745
T0047,train,55,spam,SMS. ac Sptv: The New Jersey Devils and the Detroit Red Wings play Ice Hockey. Correct or Incorrect? End? Reply END SPTV,0.6221823535326615,spam,0.3488636676553232,ham,5-fold-oof,0.48552301059399233,0.5144769894060077,False,True,False,1.0,T2456,ham,0.3432817801469832,True,2,T2456|T1066|T3413|H0826|T1688,ham|ham|ham|ham|ham,0.3433|0.2726|0.2511|0.2464|0.2174,True,0.014476989406007668,0.0,1.3710460211879847
T0470,train,575,ham,Waiting for your call.,0.6885113027890509,spam,0.3485128766023203,ham,5-fold-oof,0.5185120896956856,0.5185120896956856,True,False,False,0.0,,,0.0,False,1,T0743|H0366|T2715|H0022|T1646,ham|ham|ham|ham|ham,0.8105|0.8071|0.6156|0.5090|0.4978,True,0.01851208969568563,0.0,1.3629758206086287
T0845,train,1046,spam,"We know someone who you know that fancies you. Call 09058097218 to find out who. POBox 6, LS15HB 150p",0.3725402258918724,ham,0.5769554476642161,spam,5-fold-oof,0.4747478367780443,0.5252521632219558,True,False,False,0.0,,,0.0,False,1,T2647|H0476|T3034|T2687|T2820,spam|spam|spam|spam|spam,0.5394|0.3531|0.3384|0.2730|0.2681,True,0.025252163221955726,0.0,1.3494956735560886
T4033,train,5038,spam,You won't believe it but it's true. It's Incredible Txts! Reply G now to learn truly amazing things that will blow your mind. From O2FWD only 18p/txt,0.5782134767934378,spam,0.4733041632271214,ham,5-fold-oof,0.5257588200102796,0.4742411799897204,False,True,False,1.0,T4135,ham,0.2197581176922465,False,1,T4135|T4175|H0050|T1659|T3550,ham|ham|ham|ham|ham,0.2198|0.2096|0.1768|0.1767|0.1740,True,0.025758820010279626,0.0,1.3484823599794407
T0341,train,416,spam,100 dating service cal;l 09064012103 box334sk38ch,0.408533411135205,ham,0.6479295002694628,spam,5-fold-oof,0.528231455702334,0.471768544297666,True,False,False,0.0,,,0.0,False,1,H1044|H0798|T3470|T0866|T3034,spam|spam|spam|spam|spam,0.5770|0.2787|0.1861|0.1861|0.1704,True,0.028231455702333985,0.0,1.343537088595332
H0287,heldout,1459,spam,CLAIRE here am havin borin time & am now alone U wanna cum over 2nite? Chat now 09099725823 hope 2 C U Luv CLAIRE xx Calls£1/minmoremobsEMSPOBox45PO139WA,0.3050145235489638,ham,0.6128348698598892,spam,fit-all-train,0.4589246967044265,0.5410753032955735,True,False,False,0.0,,,0.0,False,1,T1029|T1799|T1180|T1338|T2761,spam|spam|spam|spam|spam,0.6679|0.2685|0.2675|0.2659|0.2393,True,0.04107530329557352,0.0,1.3178493934088529
T4431,train,5540,spam,Want explicit SEX in 30 secs? Ring 02073162414 now! Costs 20p/min Gsex POBOX 2667 WC1N 3XX,0.4951219079591921,ham,0.7520970949739066,spam,5-fold-oof,0.6236095014665494,0.37639049853345063,True,False,False,0.19334575027324233,T2308,ham,0.16044598758433892,False,1,T3592|T2308|H0075|T4305|T1471,spam|ham|ham|spam|spam,0.9098|0.1604|0.1041|0.0988|0.0949,True,0.12360950146654937,0.3866915005464846,1.3074575972854952
T0255,train,306,spam,"SMS. ac Blind Date 4U!: Rodds1 is 21/m from Aberdeen, United Kingdom. Check Him out http://img. sms. ac/W/icmb3cktz8r7!-4 no Blind Dates send HIDE",0.4806142316206181,ham,0.4702290666694422,ham,5-fold-oof,0.47542164914503016,0.5245783508549698,True,True,True,0.5669561298169916,T3791,ham,0.14750154166118745,False,2,T3864|T0549|T3791|T3722|T2375,spam|spam|ham|ham|ham,0.1644|0.1496|0.1475|0.1330|0.1307,False,0.024578350854969844,0.8660877403660168,1.297278394436467
H0461,heldout,2290,ham,Dont you have message offer,0.514860090687218,spam,0.2264722379268281,ham,fit-all-train,0.3706661643070231,0.3706661643070231,True,False,False,0.1874318331486276,T4305,spam,0.36145296752201506,False,1,T3117|T2314|T4305|T4379|T3846,ham|ham|spam|ham|ham,0.4835|0.3881|0.3615|0.3513|0.3442,True,0.1293338356929769,0.3748636662972552,1.2912777951329484
T3458,train,4296,spam,Kit Strip - you have been billed 150p. Netcollex Ltd. PO Box 1013 IG11 OJA,0.6616396332035832,spam,0.4543292531242098,ham,5-fold-oof,0.5579844431638965,0.4420155568361035,False,True,False,0.0,,,0.0,False,1,T2894|H0810|T0125|T2055|T3580,spam|spam|spam|spam|spam,0.2814|0.2226|0.2166|0.1537|0.1263,True,0.057984443163896504,0.0,1.284031113672207
T0549,train,673,spam,"SMS. ac sun0819 posts HELLO:""You seem cool, wanted to say hi. HI!!!"" Stop? Send STOP to 62468",0.5560814460779527,spam,0.3154179132557441,ham,5-fold-oof,0.4357496796668484,0.5642503203331516,False,True,False,0.0,,,0.0,False,1,H0973|H0991|T0140|T4035|T4178,spam|spam|spam|spam|spam,0.2639|0.2637|0.2582|0.2532|0.2337,True,0.06425032033315159,0.0,1.271499359333697
T2761,train,3426,spam,Am new 2 club & dont fink we met yet Will B gr8 2 C U Please leave msg 2day wiv ur area 09099726553 reply promised CARLIE x Calls£1/minMobsmore LKPOBOX177HP51FL,0.3743226296642111,ham,0.7611990390452286,spam,5-fold-oof,0.5677608343547198,0.4322391656452802,True,False,False,0.0,,,0.0,False,1,T1180|T1338|T1799|H0287|T1029,spam|spam|spam|spam|spam,0.5760|0.5395|0.4751|0.2393|0.2107,True,0.0677608343547198,0.0,1.2644783312905603
T1338,train,1664,spam,Hi if ur lookin 4 saucy daytime fun wiv busty married woman Am free all next week Chat now 2 sort time 09099726429 JANINExx Calls£1/minMobsmoreLKPOBOX177HP51FL,0.4214396264675492,ham,0.7375951924352033,spam,5-fold-oof,0.5795174094513762,0.4204825905486238,True,False,False,0.0,,,0.0,False,1,T1180|T1799|T2761|H0287|T1029,spam|spam|spam|spam|spam,0.5639|0.5474|0.5395|0.2659|0.2360,True,0.0795174094513762,0.0,1.2409651810972475
T0540,train,661,spam,88800 and 89034 are premium phone services call 08718711108,0.4883697441064138,ham,0.8708144362580504,spam,5-fold-oof,0.6795920901822321,0.3204079098177679,True,False,False,0.23371493448543784,T2798,ham,0.23928989276499713,False,1,T2798|T0636|T0610|H0875|T1834,ham|spam|spam|spam|spam,0.2393|0.2260|0.1916|0.1841|0.1829,True,0.1795920901822321,0.4674298689708757,1.227787767223886
T1426,train,1778,spam,Call FREEPHONE 0800 542 0578 now!,0.4683980826988436,ham,0.8034210594899546,spam,5-fold-oof,0.635909571094399,0.36409042890560095,True,False,False,0.11025146811114624,T2798,ham,0.21206742354886865,False,1,T0636|T0489|T3143|T2798|T0811,spam|spam|spam|ham|spam,0.5835|0.4604|0.4604|0.2121|0.2071,True,0.13590957109439905,0.22050293622229244,1.216382032300119
T1604,train,2004,spam,TheMob>Yo yo yo-Here comes a new selection of hot downloads for our members to get for FREE! Just click & open the next link sent to ur fone...,0.5071254452575825,spam,0.5945584796847184,spam,5-fold-oof,0.5508419624711505,0.44915803752884953,False,False,False,0.6079938015491098,T1304,ham,0.2439337250108955,False,0,T1304|T0078|T0016|H1024|T1219,ham|ham|spam|spam|ham,0.2439|0.2346|0.2289|0.2229|0.2222,False,0.05084196247115047,0.7840123969017805,1.2119210338184112
H0318,heldout,1641,spam,FreeMsg:Feelin kinda lnly hope u like 2 keep me company! Jst got a cam moby wanna c my pic?Txt or reply DATE to 82242 Msg150p 2rcv Hlp 08712317606 stop to 82242,0.4547016877113836,ham,0.8408952126613647,spam,fit-all-train,0.6477984501863742,0.35220154981362584,True,False,False,0.10952931424718984,T0901,ham,0.14470186976983523,False,1,H0903|T1717|T2177|T0901|T2259,spam|spam|spam|ham|spam,0.6595|0.1863|0.1861|0.1447|0.1445,True,0.14779845018637416,0.21905862849437963,1.1920265510250037
T4364,train,5459,spam,"""For the most sparkling shopping breaks from 45 per person; call 0121 2025050 or visit www.shortbreaks.org.uk""",0.7702032349578386,spam,0.4607855977953241,ham,5-fold-oof,0.6154944163765813,0.3845055836234187,False,True,False,1.0,T2286,ham,0.1854794088056836,False,1,T2286|H0930|T2541|T4084|T2718,ham|ham|ham|ham|ham,0.1855|0.1855|0.1703|0.1626|0.1620,True,0.11549441637658131,0.0,1.1690111672468375
H0927,heldout,4677,spam,"Hi babe its Chloe, how r u? I was smashed on saturday night, it was great! How was your weekend? U been missing me? SP visionsms.com Text stop to stop 150p/text",0.4797010529340664,ham,0.4560219547255716,ham,fit-all-train,0.467861503829819,0.5321384961701809,True,True,True,0.7094715248579736,T3180,ham,0.25950804733962607,False,2,T2466|T3180|T0487|T1732|T0338,spam|ham|ham|ham|ham,0.3898|0.2595|0.2337|0.2315|0.2271,False,0.032138496170181,0.5810569502840528,1.168145787773259
T2153,train,2681,spam,"New Tones This week include: 1)McFly-All Ab.., 2) Sara Jorge-Shock.. 3) Will Smith-Switch.. To order follow instructions on next message",0.5759112187655342,spam,0.6305296346089326,spam,5-fold-oof,0.6032204266872334,0.3967795733127666,False,False,False,0.5356913944593583,T3827,ham,0.22438425145135288,False,0,H0944|T3827|T2081|T3117|T1327,spam|ham|spam|ham|ham,0.2716|0.2244|0.2045|0.1639|0.1611,False,0.10322042668723341,0.9286172110812834,1.1650060310580466
T3102,train,3861,spam,"Win the newest Harry Potter and the Order of the Phoenix (Book 5) reply HARRY, answer 5 questions - chance to be the first among readers!",0.5984151428768762,spam,0.6422824095337323,spam,5-fold-oof,0.6203487762053043,0.37965122379469574,False,False,False,0.5026620365487016,T0114,ham,0.36775716051299434,False,0,T1064|T0114|H0117|H0749|H0395,spam|ham|ham|ham|ham,1.0000|0.3678|0.2143|0.2143|0.2143,False,0.12034877620530426,0.9946759269025969,1.1571728183504302
T1799,train,2249,spam,Back 2 work 2morro half term over! Can U C me 2nite 4 some sexy passion B4 I have 2 go back? Chat NOW 09099726481 Luv DENA Calls £1/minMobsmoreLKPOBOX177HP51FL,0.1895433216528683,ham,0.5097820109990591,spam,5-fold-oof,0.34966266632596366,0.6503373336740363,True,False,False,0.0,,,0.0,False,1,T1338|T1180|T2761|H0287|T1029,spam|spam|spam|spam|spam,0.5474|0.5100|0.4751|0.2685|0.2400,True,0.15033733367403634,0.0,1.0993253326519272
T0119,train,140,spam,You'll not rcv any more msgs from the chat svc. For FREE Hardcore services text GO to: 69988 If u get nothing u must Age Verify with yr network & try again,0.5940961589914241,spam,0.646363214342246,spam,5-fold-oof,0.6202296866668351,0.3797703133331649,False,False,False,0.5754648139864361,T1222,ham,0.19611915211018316,False,0,T2425|T1222|H0243|T2645|T1786,spam|ham|spam|ham|ham,0.2240|0.1961|0.1921|0.1889|0.1790,False,0.12022968666683509,0.8490703720271278,1.0991687754771808
T1310,train,1626,spam,500 free text msgs. Just text ok to 80488 and we'll credit your account,0.5269010507840008,spam,0.7633549240556509,spam,5-fold-oof,0.6451279874198259,0.3548720125801741,False,False,False,0.4668303712832058,T0788,ham,0.2681009763261184,False,0,T1199|T1573|T0788|T4140|T4133,spam|spam|ham|ham|ham,0.5753|0.3203|0.2681|0.2653|0.2507,False,0.1451279874198259,0.9336607425664116,1.0832083221869129
T2504,train,3112,spam,Good Luck! Draw takes place 28th Feb 06. Good Luck! For removal send STOP to 87239 customer services 08708034412,0.5889153522216604,spam,0.6970520347486407,spam,5-fold-oof,0.6429836934851505,0.3570163065148495,False,False,False,0.4536392616645184,H0543,ham,0.2781963858124108,False,0,T3822|T0928|H0543|H0615|H0070,spam|spam|ham|ham|ham,0.6509|0.3253|0.2782|0.2746|0.2578,False,0.1429836934851505,0.9072785233290368,1.0769440223613138
T4039,train,5047,ham,"We have sent JD for Customer Service cum Accounts Executive to ur mail id, For details contact us",0.504487151030287,spam,0.716135153917432,spam,5-fold-oof,0.6103111524738595,0.6103111524738595,True,True,True,0.36077579185694775,H0371,spam,0.2291376741918768,False,2,H0777|T0578|H0371|T0610|H0543,ham|ham|spam|spam|ham,0.2929|0.2906|0.2291|0.2291|0.2285,False,0.11031115247385948,0.7215515837138955,1.0679983285378394
T1020,train,1261,ham,"We have sent JD for Customer Service cum Accounts Executive to ur mail id, For details contact us",0.504487151030287,spam,0.716135153917432,spam,5-fold-oof,0.6103111524738595,0.6103111524738595,True,True,True,0.36077579185694775,H0371,spam,0.2291376741918768,False,2,H0777|T0578|H0371|T0610|H0543,ham|ham|spam|spam|ham,0.2929|0.2906|0.2291|0.2291|0.2285,False,0.11031115247385948,0.7215515837138955,1.0679983285378394
T3426,train,4257,spam,Block Breaker now comes in deluxe format with new features and great graphics from T-Mobile. Buy for just £5 by replying GET BBDELUXE and take the challenge,0.3484610994656389,ham,0.4259557098163639,ham,5-fold-oof,0.38720840464100137,0.6127915953589986,True,True,True,0.6356418561013316,T2543,ham,0.27190711280966706,False,2,T2543|T1213|T3545|T2646|H0004,ham|spam|ham|ham|spam,0.2719|0.1874|0.1613|0.1504|0.1471,False,0.11279159535899863,0.7287162877973368,1.0659033244009375
H0342,heldout,1719,spam,WOW! The Boys R Back. TAKE THAT 2007 UK Tour. Win VIP Tickets & pre-book with VIP Club. Txt CLUB to 81303. Trackmarque Ltd info@vipclub4u.,0.7360774484088223,spam,0.519363041823694,spam,fit-all-train,0.6277202451162581,0.3722797548837419,False,False,False,0.37172470579191863,T1687,ham,0.13939233004515383,False,0,T0226|T2847|T1687|T3082|T3530,spam|spam|ham|spam|ham,0.1720|0.1509|0.1394|0.1385|0.1336,False,0.12772024511625812,0.7434494115838373,1.0419392744010187
H0509,heldout,2576,spam,Your next amazing xxx PICSFREE1 video will be sent to you enjoy! If one vid is not enough for 2day text back the keyword PICSFREE1 to get the next video.,0.5696891683781907,spam,0.7052591657428233,spam,fit-all-train,0.6374741670605071,0.3625258329394929,False,False,False,0.38325549696311484,H0628,ham,0.19643814380310098,False,0,T2307|H0628|H0377|T2521|H0557,spam|ham|spam|spam|ham,0.2146|0.1964|0.1959|0.1949|0.1798,False,0.13747416706050708,0.7665109939262297,1.0316560634494778
T4057,train,5069,spam,83039 62735=£450 UK Break AccommodationVouchers terms & conditions apply. 2 claim you mustprovide your claim number which is 15541 ,0.6239826606035991,spam,0.6750137086156355,spam,5-fold-oof,0.6494981846096173,0.3505018153903827,False,False,False,0.5882860873600637,T4428,ham,0.245701497046388,False,0,T4428|T0433|T0996|H0625|T0788,ham|spam|spam|ham|ham,0.2457|0.2213|0.2133|0.1968|0.1785,False,0.14949818460961728,0.8234278252798726,1.0303747608927145
T0141,train,166,spam,"BangBabes Ur order is on the way. U SHOULD receive a Service Msg 2 download UR content. If U do not, GoTo wap. bangb. tv on UR mobile internet/service menu",0.5596770574912154,spam,0.732493715342444,spam,5-fold-oof,0.6460853864168297,0.35391461358317033,False,False,False,0.35851846057808245,T1304,ham,0.24437698894683824,False,0,T3591|T1363|T0712|T1304|T0547,spam|spam|spam|ham|ham,0.3134|0.2728|0.2695|0.2444|0.2338,False,0.14608538641682967,0.7170369211561649,0.9946439956288067
T3526,train,4395,spam,RECPT 1/3. You have ordered a Ringtone. Your order is being processed...,0.4765796220261975,ham,0.3619676248524943,ham,5-fold-oof,0.41927362343934593,0.5807263765606541,True,True,True,0.19275630752243345,T2484,ham,0.207145401880672,False,2,H0451|T1780|H0065|H0632|T2484,spam|spam|spam|spam|ham,0.2193|0.2183|0.2160|0.2140|0.2071,False,0.08072637656065407,0.3855126150448669,0.9927522928966386
H0903,heldout,4544,spam,FreeMsg Hi baby wow just got a new cam moby. Wanna C a hot pic? or Fancy a chat?Im w8in 4uTxt / rply CHAT to 82242 Hlp 08712317606 Msg150p 2rcv,0.4680000906101211,ham,0.9461596216659224,spam,fit-all-train,0.7070798561380217,0.2929201438619783,True,False,False,0.0,,,0.0,False,1,H0318|T2177|H0377|T2466|T2259,spam|spam|spam|spam|spam,0.6595|0.1563|0.1397|0.1364|0.1243,True,0.2070798561380217,0.0,0.9858402877239566
T2796,train,3464,spam,Bloomberg -Message center +447797706009 Why wait? Apply for your future http://careers. bloomberg.com,0.6996659150171025,spam,0.6504119801121971,spam,5-fold-oof,0.6750389475646499,0.3249610524353501,False,False,False,0.4128793347387579,T1946,ham,0.14447387024286895,False,0,T1946|H0210|T0422|T3117|T3123,ham|spam|spam|ham|spam,0.1445|0.1367|0.1218|0.1213|0.1195,False,0.17503894756464988,0.8257586694775157,0.9802255726617066
T3701,train,4617,spam,Sunshine Quiz! Win a super Sony DVD recorder if you canname the capital of Australia? Text MQUIZ to 82277. B,0.4898869093897073,ham,0.4765814461728681,ham,5-fold-oof,0.4832341777812877,0.5167658222187124,True,True,True,0.0,,,0.0,False,2,T0115|T1357|H0515|H0170|T3265,spam|spam|spam|spam|spam,0.3967|0.3967|0.3695|0.3695|0.1647,False,0.016765822218712312,0.0,0.9664683555625754
T1660,train,2072,spam,Sexy Singles are waiting for you! Text your AGE followed by your GENDER as wither M or F E.G.23F. For gay men text your AGE followed by a G. e.g.23G.,0.6905818862226613,spam,0.7060378888289052,spam,5-fold-oof,0.6983098875257832,0.30169011247421684,False,False,False,0.578161660296485,H0836,ham,0.2429517487719972,False,0,T2758|T0192|H0836|T3850|T0470,spam|spam|ham|ham|ham,0.2763|0.2462|0.2430|0.2369|0.2364,False,0.19830988752578316,0.8436766794070301,0.9408508967112457
T0277,train,334,spam,Call Germany for only 1 pence per minute! Call from a fixed line via access number 0844 861 85 85. No prepayment. Direct access!,0.6107075100642188,spam,0.5663799153184602,spam,5-fold-oof,0.5885437126913395,0.41145628730866046,False,False,False,0.13786467681490647,T2089,ham,0.2371052627243202,False,0,T4166|T2089|T4390|T2425|T3963,spam|ham|spam|spam|spam,0.8922|0.2371|0.2308|0.1865|0.1733,False,0.08854371269133954,0.2757293536298129,0.933204316069246
T4305,train,5384,spam,You have 1 new message. Call 0207-083-6089,0.8205585226687316,spam,0.5128978007428693,spam,5-fold-oof,0.6667281617058005,0.3332718382941995,False,False,False,0.33252811915630887,H0779,ham,0.36545354176342104,False,0,T2363|T4088|T1834|H0779|H0461,spam|spam|spam|ham|ham,0.5016|0.4936|0.4639|0.3655|0.3615,False,0.16672816170580051,0.6650562383126177,0.9325661719134462
H0949,heldout,4774,ham,"Hi, Mobile no.  &lt;#&gt;  has added you in their contact list on www.fullonsms.com It s a great place to send free sms to people For more visit fullonsms.com",0.4436901501209793,ham,0.4809772900161016,ham,fit-all-train,0.46233372006854045,0.46233372006854045,False,False,False,0.0,,,0.0,False,0,H0754|H0763|T3791|T0922|T0338,ham|ham|ham|ham|ham,0.4350|0.4350|0.3328|0.2310|0.2310,False,0.037666279931459545,0.0,0.9246674401370809
H0475,heldout,2380,ham,"Hi, Mobile no.  &lt;#&gt;  has added you in their contact list on www.fullonsms.com It s a great place to send free sms to people For more visit fullonsms.com",0.4436901501209793,ham,0.4809772900161016,ham,fit-all-train,0.46233372006854045,0.46233372006854045,False,False,False,0.0,,,0.0,False,0,H0754|H0763|T3791|T0922|T0338,ham|ham|ham|ham|ham,0.4350|0.4350|0.3328|0.2310|0.2310,False,0.037666279931459545,0.0,0.9246674401370809
H0165,heldout,857,spam,Talk sexy!! Make new friends or fall in love in the worlds most discreet text dating service. Just text VIP to 83110 and see who you could meet.,0.743437626487215,spam,0.6412923801561446,spam,fit-all-train,0.6923650033216798,0.30763499667832017,False,False,False,0.3838336955507454,T2127,ham,0.1766808056504412,False,0,T3948|H1044|T2127|T1363|T2538,spam|spam|ham|spam|ham,0.2081|0.1801|0.1767|0.1743|0.1737,False,0.19236500332167983,0.7676673911014908,0.9223369497972367
T3026,train,3756,spam,Bloomberg -Message center +447797706009 Why wait? Apply for your future http://careers. bloomberg.com,0.7049821310356209,spam,0.708373292926041,spam,5-fold-oof,0.706677711980831,0.29332228801916904,False,False,False,0.4128793347387579,T1946,ham,0.14447387024286895,False,0,T1946|H0210|T0422|T3117|T3123,ham|spam|spam|ham|spam,0.1445|0.1367|0.1218|0.1213|0.1195,False,0.20667771198083096,0.8257586694775157,0.9169480438293445
T3979,train,4966,spam,Dear Voucher holder Have your next meal on us. Use the following link on your pc 2 enjoy a 2 4 1 dining experiencehttp://www.vouch4me.com/etlp/dining.asp,0.3882982226356707,ham,0.3990486043639764,ham,5-fold-oof,0.39367341349982354,0.6063265865001765,True,True,True,0.16150348582228075,H0836,ham,0.235616339788155,False,2,T3351|T2555|T0520|H0160|H0836,spam|spam|spam|spam|ham,0.3433|0.3154|0.2921|0.2725|0.2356,False,0.10632658650017646,0.3230069716445615,0.9165496156574717
T3096,train,3849,spam,"Fantasy Football is back on your TV. Go to Sky Gamestar on Sky Active and play £250k Dream Team. Scoring starts on Saturday, so register now!SKY OPT OUT to 88088",0.5152571378878573,spam,0.5767154196113435,spam,5-fold-oof,0.5459862787496004,0.4540137212503996,False,False,False,1.0,H0699,ham,0.18743463317809472,False,0,H0699|T3403|H0819|T3349|T3208,ham|ham|ham|ham|ham,0.1874|0.1694|0.1567|0.1560|0.1546,False,0.04598627874960037,0.0,0.9080274425007993
T0192,train,228,spam,"Will u meet ur dream partner soon? Is ur career off 2 a flyng start? 2 find out free, txt HORO followed by ur star sign, e. g. HORO ARIES",0.4033310878301461,ham,0.2958965757701583,ham,5-fold-oof,0.3496138318001522,0.6503861681998477,True,True,True,0.7408021484876014,H0836,ham,0.1931412623944495,False,2,T1660|H0836|T3549|T3850|T1509,spam|ham|ham|ham|ham,0.2462|0.1931|0.1851|0.1692|0.1562,False,0.1503861681998478,0.5183957030247972,0.9065859448102234
H0243,heldout,1275,spam,network operator. The service is free. For T & C's visit 80488.biz,0.6061878154449313,spam,0.663855558937409,spam,fit-all-train,0.6350216871911701,0.36497831280882986,False,False,False,0.19502837910084214,T3995,ham,0.2108705563465152,False,0,T1199|T3995|T0119|T1573|T3379,spam|ham|spam|spam|spam,0.3075|0.2109|0.1921|0.1885|0.1823,False,0.13502168719117014,0.3900567582016843,0.8859793288983334
T3934,train,4915,spam,"Goal! Arsenal 4 (Henry, 7 v Liverpool 2 Henry scores with a simple shot from 6 yards from a pass by Bergkamp to give Arsenal a 2 goal margin after 78 mins.",0.3415396193480677,ham,0.2074203435780859,ham,5-fold-oof,0.2744799814630768,0.7255200185369233,True,True,True,0.4211895862208231,T0343,ham,0.21506763301637855,False,2,T1149|T0343|T1405|H0515|H0170,spam|ham|ham|spam|spam,0.2499|0.2151|0.1339|0.1148|0.1148,False,0.22552001853692322,0.8423791724416462,0.8859116319028121
T1064,train,1319,spam,"Win the newest “Harry Potter and the Order of the Phoenix (Book 5) reply HARRY, answer 5 questions - chance to be the first among readers!",0.5867875521854573,spam,0.667959811155193,spam,5-fold-oof,0.6273736816703251,0.37262631832967485,False,False,False,0.8282315123568454,T0114,ham,0.36775716051299434,True,1,T0114|H0117|H0749|H0395|T1073,ham|ham|ham|ham|spam,0.3678|0.2143|0.2143|0.2143|0.2096,False,0.12737368167032515,0.3435369752863091,0.8826674267738733
T1073,train,1329,spam,Ur balance is now £500. Ur next question is: Who sang 'Uptown Girl' in the 80's ? 2 answer txt ur ANSWER to 83600. Good luck!,0.7049392241243948,spam,0.5940618771036024,spam,5-fold-oof,0.6495005506139986,0.3504994493860014,False,False,False,0.7739418833545944,T0114,ham,0.4149229131201102,True,1,T0114|T3511|H0749|H0117|H0395,ham|spam|ham|ham|ham,0.4149|0.4095|0.3290|0.3290|0.3290,False,0.14950055061399858,0.4521162332908113,0.8818453920883274
T0006,train,6,spam,"FreeMsg Hey there darling it's been 3 week's now and no word back! I'd like some fun you up for it still? Tb ok! XxX std chgs to send, £1.50 to rcv",0.2161057151538031,ham,0.3308907838397428,ham,5-fold-oof,0.2734982494967729,0.7265017505032271,True,True,True,0.5881960144188767,T1593,ham,0.17344180693599986,False,2,T3105|T1593|T3550|H0377|H0646,spam|ham|ham|spam|ham,0.1890|0.1734|0.1705|0.1687|0.1670,False,0.22650175050322707,0.8236079711622466,0.8764396874584446
H0377,heldout,1896,spam,"FreeMsg Hey U, i just got 1 of these video/pic fones, reply WILD to this txt & ill send U my pics, hurry up Im so bored at work xxx (18 150p/rcvd STOP2stop)",0.5687003642788745,spam,0.8695447759851532,spam,fit-all-train,0.7191225701320139,0.28087742986798614,False,False,False,0.3922931777955904,H0649,ham,0.1935522009370152,False,0,T2177|H0509|H0649|T2259|H0719,spam|spam|ham|spam|ham,0.1985|0.1959|0.1936|0.1899|0.1836,False,0.21912257013201386,0.7845863555911808,0.8755894019724446
T0848,train,1049,spam,"1000's flirting NOW! Txt GIRL or BLOKE & ur NAME & AGE, eg GIRL ZOE 18 to 8007 to join and get chatting!",0.8135392980004851,spam,0.6415976955328896,spam,5-fold-oof,0.7275684967666873,0.27243150323331267,False,False,False,0.5946968444306878,T1459,ham,0.23629045423670558,False,0,T1459|H0039|T1716|T3948|T1683,ham|spam|ham|spam|ham,0.2363|0.2321|0.1998|0.1986|0.1957,False,0.22756849676668733,0.8106063111386244,0.8691055309220751
T3380,train,4201,spam,"cmon babe, make me horny, *turn* me on! Txt me your fantasy now babe -) Im hot, sticky and need you now. All replies cost £1.50. 2 cancel send STOP",0.573221271783801,spam,0.7101402321027269,spam,5-fold-oof,0.6416807519432639,0.3583192480567361,False,False,False,0.8201085641649589,T2615,ham,0.24309234644361377,False,0,T2615|H0705|T0820|T0693|H0900,ham|ham|ham|ham|spam,0.2431|0.2354|0.2050|0.1923|0.1921,False,0.1416807519432639,0.35978287167008216,0.860551644781505
T1557,train,1941,spam,More people are dogging in your area now. Call 09090204448 and join like minded guys. Why not arrange 1 yourself. There's 1 this evening. A£1.50 minAPN LS278BB,0.3241388195082966,ham,0.2302401515764742,ham,5-fold-oof,0.2771894855423854,0.7228105144576146,True,True,True,0.6180000564557876,T0363,ham,0.20339082356754057,False,2,T0363|T2947|T2943|T3109|T2144,ham|ham|spam|ham|spam,0.2034|0.1936|0.1832|0.1719|0.1685,False,0.22281051445761457,0.7639998870884248,0.8599789259201408
T3631,train,4528,spam,"I want some cock! My hubby's away, I need a real man 2 satisfy me. Txt WIFE to 89938 for no strings action. (Txt STOP 2 end, txt rec £1.50ea. OTBox 731 LA1 7WS. )",0.6215000767619168,spam,0.6588901119359231,spam,5-fold-oof,0.6401950943489199,0.35980490565108014,False,False,False,0.17174349010354525,H0708,ham,0.1278010759777206,False,0,T1717|T2226|T0006|T3380|H0708,spam|spam|spam|spam|ham,0.1875|0.1489|0.1427|0.1372|0.1278,False,0.14019509434891986,0.34348698020709056,0.8570046033849965
T0020,train,20,spam,"England v Macedonia - dont miss the goals/team news. Txt ur national team to 87077 eg ENGLAND to 87077 Try:WALES, SCOTLAND 4txt/ú1.20 POBOXox36504W45WQ 16+",0.5438913513504202,spam,0.5997500873438352,spam,5-fold-oof,0.5718207193471276,0.42817928065287236,False,False,False,0.0,,,0.0,False,0,T3277|T0346|T2281|T1729|H0214,spam|spam|spam|spam|spam,0.3284|0.2703|0.2675|0.2534|0.2159,False,0.07182071934712764,0.0,0.8563585613057447
T2882,train,3575,spam,You won't believe it but it's true. It's Incredible Txts! Reply G now to learn truly amazing things that will blow your mind. From O2FWD only 18p/txt,0.6051724740411604,spam,0.5389340889906525,spam,5-fold-oof,0.5720532815159065,0.4279467184840935,False,False,False,1.0,T4135,ham,0.2197581176922465,False,0,T4135|T4175|H0050|T1659|T3550,ham|ham|ham|ham|ham,0.2198|0.2096|0.1768|0.1767|0.1740,False,0.07205328151590651,0.0,0.855893436968187
T1894,train,2365,spam,"Fantasy Football is back on your TV. Go to Sky Gamestar on Sky Active and play £250k Dream Team. Scoring starts on Saturday, so register now!SKY OPT OUT to 88088",0.5735636821724973,spam,0.575495321356461,spam,5-fold-oof,0.5745295017644791,0.42547049823552086,False,False,False,1.0,H0699,ham,0.18743463317809472,False,0,H0699|T3403|H0819|T3349|T3208,ham|ham|ham|ham|ham,0.1874|0.1694|0.1567|0.1560|0.1546,False,0.07452950176447914,0.0,0.8509409964710417
T0863,train,1065,spam,We have new local dates in your area - Lots of new people registered in YOUR AREA. Reply DATE to start now! 18 only www.flirtparty.us REPLYS150,0.6743414220906496,spam,0.8403715469553003,spam,5-fold-oof,0.757356484522975,0.242643515477025,False,False,False,0.45619570605027426,H0819,ham,0.2943917272743011,False,0,H0819|T2177|T0746|T3539|H0039,ham|spam|ham|spam|spam,0.2944|0.2224|0.2054|0.1876|0.1859,False,0.257356484522975,0.9123914121005485,0.8502435957942694
T0496,train,608,spam,XCLUSIVE@CLUBSAISAI 2MOROW 28/5 SOIREE SPECIALE ZOUK WITH NICHOLS FROM PARIS.FREE ROSES 2 ALL LADIES !!! info: 07946746291/07880867867 ,0.4388085918434946,ham,0.3861250996282343,ham,5-fold-oof,0.41246684573586445,0.5875331542641355,True,True,True,1.0,T1508,ham,0.2804740072715012,False,2,T1508|T0851|T4188|T3740|T0447,ham|ham|ham|ham|ham,0.2805|0.1823|0.1729|0.1644|0.1346,False,0.08753315426413555,0.0,0.8249336914717289
H1096,heldout,5469,spam,http//tms. widelive.com/index. wml?id=820554ad0a1705572711&first=true¡C C Ringtone¡,0.5094784922984288,spam,0.6656743400975397,spam,fit-all-train,0.5875764161979842,0.4124235838020158,False,False,False,0.0,,,0.0,False,0,T3103|T3202|H0044|T3285|T0329,spam|spam|spam|spam|spam,0.7873|0.1356|0.1074|0.1043|0.0995,False,0.08757641619798417,0.0,0.8248471676040317
T2307,train,2864,spam,Adult 18 Content Your video will be with you shortly,0.584075997308886,spam,0.591444489239445,spam,5-fold-oof,0.5877602432741655,0.41223975672583446,False,False,False,0.0,,,0.0,False,0,T1224|T3233|T3963|H0509|T3591,spam|spam|spam|spam|spam,0.2749|0.2380|0.2257|0.2146|0.2096,False,0.08776024327416554,0.0,0.8244795134516689
T3926,train,4907,spam,Warner Village 83118 C Colin Farrell in SWAT this wkend @Warner Village & get 1 free med. Popcorn!Just show msg+ticket@kiosk.Valid 4-7/12. C t&c @kiosk. Reply SONY 4 mre film offers,0.2971659134430277,ham,0.37503933573067,ham,5-fold-oof,0.3361026245868488,0.6638973754131512,True,True,True,0.8145206211184682,T1544,ham,0.20115790611977158,False,2,T1544|H0095|T4110|T4455|T2431,ham|ham|ham|spam|ham,0.2012|0.1796|0.1591|0.1529|0.1317,False,0.1638973754131512,0.37095875776306353,0.820588752278923
T3420,train,4250,spam,"accordingly. I repeat, just text the word ok on your mobile phone and send",0.7273169662862541,spam,0.5828173217397704,spam,5-fold-oof,0.6550671440130122,0.34493285598698775,False,False,False,0.8368357990709655,T1544,ham,0.3680561213257052,True,1,T1544|H0133|T2798|T2235|T1310,ham|ham|ham|ham|spam,0.3681|0.2378|0.2324|0.2032|0.2030,False,0.15506714401301225,0.326328401858069,0.8203970727172031
T1345,train,1673,ham,Glad to see your reply.,0.370001033909731,ham,0.4409254349500195,ham,5-fold-oof,0.40546323442987525,0.40546323442987525,False,False,False,0.0,,,0.0,False,0,T3697|T0601|T0130|H0836|T0735,ham|ham|ham|ham|ham,0.4059|0.3654|0.2611|0.2547|0.2526,False,0.09453676557012475,0.0,0.8109264688597505
T3591,train,4474,spam,3. You have received your mobile content. Enjoy,0.7580911699870644,spam,0.7585036532129422,spam,5-fold-oof,0.7582974116000033,0.2417025883999967,False,False,False,0.591867870013665,T0547,ham,0.3307693400442857,False,0,T0547|T0141|T0712|H0294|T2036,ham|spam|spam|ham|ham,0.3308|0.3134|0.2956|0.2822|0.2702,False,0.2582974116000033,0.8162642599726699,0.8099108807890614
T1573,train,1964,spam,it to 80488. Your 500 free text messages are valid until 31 December 2005.,0.54490081008413,spam,0.7678672854789579,spam,5-fold-oof,0.6563840477815439,0.3436159522184561,False,False,False,0.14813621620361359,T2711,ham,0.19859490626719456,False,0,T1199|T1310|T0398|T2670|T2711,spam|spam|spam|spam|ham,0.3374|0.3203|0.2422|0.2422|0.1986,False,0.1563840477815439,0.2962724324072272,0.805740877399803
H1090,heldout,5430,spam,Santa Calling! Would your little ones like a call from Santa Xmas eve? Call 09058094583 to book your time.,0.6676158223195737,spam,0.6445753640047773,spam,fit-all-train,0.6560955931621755,0.34390440683782453,False,False,False,0.13969777630851057,T0602,ham,0.21155249774921114,False,0,T3844|T1902|T0602|H0988|T2737,spam|spam|ham|spam|spam,0.7041|0.2303|0.2116|0.1886|0.1798,False,0.15609559316217547,0.2793955526170211,0.7995670347224575
T2490,train,3093,spam,LORD OF THE RINGS:RETURN OF THE KING in store NOW!REPLY LOTR by 2 June 4 Chance 2 WIN LOTR soundtrack CDs StdTxtRate. Reply STOP to end txts,0.7735065689557481,spam,0.753741916907456,spam,5-fold-oof,0.763624242931602,0.23637575706839797,False,False,False,0.4078487349790486,T1187,ham,0.18676769541764282,False,0,T3542|T1187|T1584|T0692|T2894,spam|ham|spam|ham|spam,0.1879|0.1868|0.1583|0.1555|0.1507,False,0.263624242931602,0.8156974699580972,0.7990305021200348
T2420,train,3010,spam,"Loan for any purpose £500 - £75,000. Homeowners + Tenants welcome. Have you been previously refused? We can still help. Call Free 0800 1956669 or text back 'help'",0.7332572986155447,spam,0.7673668480505642,spam,5-fold-oof,0.7503120733330544,0.24968792666694561,False,False,False,0.3538507738355007,H0582,ham,0.13956175679125327,False,0,T3179|H0801|H0582|H0267|H1081,spam|spam|ham|ham|ham,0.3693|0.3364|0.1396|0.1241|0.1228,False,0.2503120733330544,0.7077015476710014,0.7824564724022918
H0939,heldout,4726,spam,"FREE GAME. Get Rayman Golf 4 FREE from the O2 Games Arcade. 1st get UR games settings. Reply POST, then save & activ8. Press 0 key for Arcade. Termsapply",0.583408527516975,spam,0.7248545540144399,spam,fit-all-train,0.6541315407657075,0.34586845923429255,False,False,False,0.11325274134348243,H0595,ham,0.16867315945820283,False,0,T3796|T1427|T1246|T1850|H0595,spam|spam|spam|spam|ham,0.4410|0.4410|0.2229|0.2158|0.1687,False,0.15413154076570745,0.2265054826869648,0.782339111543371
T3542,train,4411,spam,"For your chance to WIN a FREE Bluetooth Headset then simply reply back with ""ADP""",0.8641533551325051,spam,0.6705081722851396,spam,5-fold-oof,0.7673307637088224,0.23266923629117764,False,False,False,0.6038307785758705,T2350,ham,0.256927239097982,False,0,T2350|T0815|T1213|T3058|T1632,ham|spam|spam|ham|ham,0.2569|0.2264|0.1987|0.1984|0.1926,False,0.26733076370882236,0.7923384428482589,0.7822738497216588
T1518,train,1894,spam,CALL 09090900040 & LISTEN TO EXTREME DIRTY LIVE CHAT GOING ON IN THE OFFICE RIGHT NOW TOTAL PRIVACY NO ONE KNOWS YOUR [sic] LISTENING 60P MIN 24/7MP 0870753331018+,0.3277733314192345,ham,0.4512128839280354,ham,5-fold-oof,0.38949310767363493,0.610506892326365,True,True,True,1.0,H0844,ham,0.1995198953703412,False,2,H0844|T1481|T1856|T4032|T3650,ham|ham|ham|ham|ham,0.1995|0.1869|0.1730|0.1698|0.1666,False,0.11050689232636507,0.0,0.7789862153472699
T0374,train,456,spam,"Loan for any purpose £500 - £75,000. Homeowners + Tenants welcome. Have you been previously refused? We can still help. Call Free 0800 1956669 or text back 'help'",0.7351994512335482,spam,0.7735701628527747,spam,5-fold-oof,0.7543848070431615,0.24561519295683854,False,False,False,0.3538507738355007,H0582,ham,0.13956175679125327,False,0,T3179|H0801|H0582|H0267|H1081,spam|spam|ham|ham|ham,0.3693|0.3364|0.1396|0.1241|0.1228,False,0.25438480704316146,0.7077015476710014,0.7743110049820776
T2466,train,3065,spam,"Hi babe its Jordan, how r u? Im home from abroad and lonely, text me back if u wanna chat xxSP visionsms.com Text stop to stopCost 150p 08712400603",0.7431865394207569,spam,0.8627457540852852,spam,5-fold-oof,0.802966146753021,0.19703385324697897,False,False,False,0.5266722343092722,T0063,ham,0.23993780974283418,False,0,H0927|T0063|H0949|H0475|T2183,spam|ham|ham|ham|spam,0.3898|0.2399|0.1964|0.1964|0.1789,False,0.302966146753021,0.9466555313814555,0.7727299190465402
T2172,train,2700,spam,FROM 88066 LOST £12 HELP,0.1655518019784774,ham,0.2086466758663372,ham,5-fold-oof,0.18709923892240732,0.8129007610775927,True,True,True,0.48141768032360926,T0929,ham,0.23113099091217038,False,2,T1811|T0929|T1367|T2614|T3498,spam|ham|ham|ham|ham,0.8677|0.2311|0.2073|0.1836|0.1836,False,0.3129007610775927,0.9628353606472185,0.759332622103702
T0404,train,496,ham,Are you free now?can i call now?,0.4412049854957967,ham,0.3149122662602603,ham,5-fold-oof,0.3780586258780285,0.3780586258780285,False,False,False,0.0,,,0.0,False,0,T1476|T4273|T2526|H0582|T1418,ham|ham|ham|ham|ham,0.4734|0.4466|0.4432|0.4151|0.3900,False,0.12194137412197148,0.0,0.756117251756057
T3390,train,4214,spam,Missed call alert. These numbers called but left no message. 07008009200,0.1720673682508431,ham,0.2842368985574319,ham,5-fold-oof,0.22815213340413748,0.7718478665958626,True,True,True,0.6294117748226936,T2698,ham,0.3582684473174895,True,3,T2698|T4305|T0971|T2363|T1590,ham|spam|ham|spam|ham,0.3583|0.2528|0.2300|0.2244|0.2222,False,0.2718478665958625,0.7411764503546128,0.7527748469501201
T2821,train,3497,spam,"Wan2 win a Meet+Greet with Westlife 4 U or a m8? They are currently on what tour? 1)Unbreakable, 2)Untamed, 3)Unkempt. Text 1,2 or 3 to 83049. Cost 50p +std text",0.8455507760033276,spam,0.699067084333676,spam,5-fold-oof,0.7723089301685018,0.22769106983149823,False,False,False,0.6328063289627703,T1142,ham,0.14162334375581953,False,0,T1142|T1542|T2365|T3546|H0165,ham|ham|spam|ham|spam,0.1416|0.1048|0.1042|0.1004|0.0971,False,0.2723089301685018,0.7343873420744593,0.7491370764927803
T1429,train,1781,spam,"Loan for any purpose £500 - £75,000. Homeowners + Tenants welcome. Have you been previously refused? We can still help. Call Free 0800 1956669 or text back 'help'",0.7480443632850633,spam,0.786495921185994,spam,5-fold-oof,0.7672701422355286,0.23272985776447142,False,False,False,0.3538507738355007,H0582,ham,0.13956175679125327,False,0,T3179|H0801|H0582|H0267|H1081,spam|spam|ham|ham|ham,0.3693|0.3364|0.1396|0.1241|0.1228,False,0.2672701422355286,0.7077015476710014,0.7485403345973434
T1164,train,1450,spam,As a registered optin subscriber ur draw 4 £100 gift voucher will be entered on receipt of a correct ans to 80062 Whats No1 in the BBC charts,0.5876162109812564,spam,0.7695707850990424,spam,5-fold-oof,0.6785934980401493,0.32140650195985065,False,False,False,0.11755891229194522,H0819,ham,0.29543074008184655,False,0,T1288|T0891|T3539|H0819|H1063,spam|spam|spam|ham|spam,0.8035|0.6557|0.5481|0.2954|0.2103,False,0.17859349804014935,0.2351178245838904,0.7368601337532574
T3895,train,4863,ham,Nokia phone is lovly..,0.2022884984406094,ham,0.144635107316699,ham,5-fold-oof,0.1734618028786542,0.1734618028786542,False,False,False,0.5127430661557782,H0611,spam,0.27547969973237585,False,0,T2798|H0611|H1036|T1729|T2411,ham|spam|spam|spam|ham,0.4947|0.2755|0.2543|0.2388|0.2357,False,0.3265381971213458,0.9745138676884435,0.7367291528326858
T3749,train,4674,spam,"Customer service announcement. We recently tried to make a delivery to you but were unable to do so, please call 07099833605 to re-schedule. Ref:9280114",0.5956024661115679,spam,0.6816776437043506,spam,5-fold-oof,0.6386400549079592,0.36135994509204084,False,False,False,0.0,,,0.0,False,0,T2937|T0135|T0610|T3143|T0489,spam|spam|spam|spam|spam,0.9033|0.4210|0.3528|0.3497|0.3497,False,0.13864005490795916,0.0,0.7227198901840817
T3844,train,4799,spam,Santa calling! Would your little ones like a call from Santa Xmas Eve? Call 09077818151 to book you time. Calls1.50ppm last 3mins 30s T&C www.santacalling.com,0.7628857640342925,spam,0.8155657892286199,spam,5-fold-oof,0.7892257766314562,0.2107742233685438,False,False,False,0.3726475833674817,H0058,ham,0.17377709731827962,False,0,H1090|H0058|T0602|T1978|T0356,spam|ham|ham|ham|spam,0.7041|0.1738|0.1679|0.1670|0.1523,False,0.2892257766314562,0.7452951667349634,0.7196665134310729
T3229,train,4012,spam,"Wan2 win a Meet+Greet with Westlife 4 U or a m8? They are currently on what tour? 1)Unbreakable, 2)Untamed, 3)Unkempt. Text 1,2 or 3 to 83049. Cost 50p +std text",0.8850145678354971,spam,0.696848894397028,spam,5-fold-oof,0.7909317311162626,0.20906826888373742,False,False,False,0.6328063289627703,T1142,ham,0.14162334375581953,False,0,T1142|T1542|T2365|T3546|H0165,ham|ham|spam|ham|spam,0.1416|0.1048|0.1042|0.1004|0.0971,False,0.2909317311162626,0.7343873420744593,0.7118914745972587
T2421,train,3011,spam,Update_Now - 12Mths Half Price Orange line rental: 400mins...Call MobileUpd8 on 08000839402 or call2optout=J5Q,0.5577399326932378,spam,0.7407316041617984,spam,5-fold-oof,0.6492357684275181,0.35076423157248193,False,False,False,0.0,,,0.0,False,0,T0304|T2328|H0268|H1010|H0469,spam|spam|spam|spam|spam,0.5031|0.4899|0.4675|0.4675|0.4378,False,0.14923576842751807,0.0,0.7015284631449639
H0015,heldout,96,spam,"Your free ringtone is waiting to be collected. Simply text the password ""MIX"" to 85069 to verify. Get Usher and Britney. FML, PO Box 5249, MK17 92H. 450Ppw 16",0.8528417988784397,spam,0.8098889156582462,spam,fit-all-train,0.8313653572683429,0.16863464273165707,False,False,False,0.4434213818608899,T2235,ham,0.2577352247841658,False,0,T2235|H0981|T3419|T2350|H0330,ham|spam|spam|ham|spam,0.2577|0.1877|0.1758|0.1484|0.1462,False,0.33136535726834293,0.8868427637217798,0.6920063909520261
H0171,heldout,901,spam,"Your free ringtone is waiting to be collected. Simply text the password ""MIX"" to 85069 to verify. Get Usher and Britney. FML, PO Box 5249, MK17 92H. 450Ppw 16",0.8528417988784397,spam,0.8098889156582462,spam,fit-all-train,0.8313653572683429,0.16863464273165707,False,False,False,0.4434213818608899,T2235,ham,0.2577352247841658,False,0,T2235|H0981|T3419|T2350|H0330,ham|spam|spam|ham|spam,0.2577|0.1877|0.1758|0.1484|0.1462,False,0.33136535726834293,0.8868427637217798,0.6920063909520261
T0567,train,701,ham,K..u also dont msg or reply to his msg..,0.4905732333388811,ham,0.2009876523384983,ham,5-fold-oof,0.3457804428386897,0.3457804428386897,False,False,False,0.0,,,0.0,False,0,T2497|T0595|H0242|H0925|H0870,ham|ham|ham|ham|ham,0.3190|0.2267|0.1995|0.1923|0.1886,False,0.1542195571613103,0.0,0.6915608856773794
T2281,train,2831,spam,Send a logo 2 ur lover - 2 names joined by a heart. Txt LOVE NAME1 NAME2 MOBNO eg LOVE ADAM EVE 07123456789 to 87077 Yahoo! POBox36504W45WQ TxtNO 4 no ads 150p.,0.5913749630375058,spam,0.7172877612902655,spam,5-fold-oof,0.6543313621638857,0.34566863783611435,False,False,False,0.0,,,0.0,False,0,T0346|T0020|H0214|T3277|T1729,spam|spam|spam|spam|spam,0.9817|0.2675|0.2225|0.2082|0.2011,False,0.15433136216388565,0.0,0.6913372756722287
T2937,train,3640,spam,"Customer service announcement. We recently tried to make a delivery to you but were unable to do so, please call 07090298926 to re-schedule. Ref:9307622",0.592202112935585,spam,0.725393554438588,spam,5-fold-oof,0.6587978336870866,0.34120216631291345,False,False,False,0.0,,,0.0,False,0,T3749|T0135|T0610|T3143|T0489,spam|spam|spam|spam|spam,0.9033|0.4140|0.3469|0.3438|0.3438,False,0.15879783368708655,0.0,0.6824043326258269
T2510,train,3119,ham,Now am free call me pa.,0.2311845294778603,ham,0.4498417528855072,ham,5-fold-oof,0.34051314118168374,0.34051314118168374,False,False,False,0.0,,,0.0,False,0,H0582|T2334|T0404|T3950|T0444,ham|ham|ham|ham|ham,0.5583|0.3635|0.3466|0.3450|0.3297,False,0.15948685881831626,0.0,0.6810262823633675
T0547,train,671,ham,Did u receive my msg?,0.1231029721596794,ham,0.1881774496310176,ham,5-fold-oof,0.1556402108953485,0.1556402108953485,False,False,False,0.543629048711009,T3591,spam,0.3307693400442857,False,0,H0294|T3591|T3248|T4193|T3707,ham|spam|spam|spam|ham,0.4973|0.3308|0.3144|0.3144|0.3084,False,0.3443597891046515,0.9127419025779819,0.6763771828218899
T1811,train,2270,spam,88066 FROM 88066 LOST 3POUND HELP,0.1725139210351947,ham,0.1731591000574793,ham,5-fold-oof,0.172836510546337,0.827163489453663,True,True,True,0.40572376521540576,T0929,ham,0.1699792604724223,False,2,T2172|T0929|T1367|T3498|T1510,spam|ham|ham|ham|ham,0.8677|0.1700|0.1524|0.1350|0.1350,False,0.327163489453663,0.8114475304308115,0.6702520332649986
T3864,train,4822,spam,Check Out Choose Your Babe Videos @ sms.shsex.netUN fgkslpoPW fgkslpo,0.1949886685327811,ham,0.1816115039108317,ham,5-fold-oof,0.18830008622180638,0.8116999137781936,True,True,True,0.6378561108156349,T0693,ham,0.23856290227226729,False,2,T0693|T0503|T3807|T0255|H0891,ham|ham|ham|spam|spam,0.2386|0.1714|0.1673|0.1644|0.1634,False,0.3116999137781936,0.7242877783687303,0.6663152837911048
T0346,train,421,spam,Send a logo 2 ur lover - 2 names joined by a heart. Txt LOVE NAME1 NAME2 MOBNO eg LOVE ADAM EVE 07123456789 to 87077 Yahoo! POBox36504W45WQ TxtNO 4 no ads 150p,0.5913749630375058,spam,0.7423568361805498,spam,5-fold-oof,0.6668658996090278,0.33313410039097224,False,False,False,0.0,,,0.0,False,0,T2281|T0020|H0214|T3277|T1729,spam|spam|spam|spam|spam,0.9817|0.2703|0.2248|0.2104|0.2032,False,0.16686589960902776,0.0,0.6662682007819445
T2365,train,2946,spam,We currently have a message awaiting your collection. To collect your message just call 08718723815.,0.7806569474991554,spam,0.9065772374959592,spam,5-fold-oof,0.8436170924975572,0.15638290750244277,False,False,False,0.4397287649058405,T3117,ham,0.35220522551845534,False,0,T3117|H0461|T1834|T3843|T1995,ham|ham|spam|spam|spam,0.3522|0.3399|0.3105|0.2902|0.2811,False,0.34361709249755723,0.879457529811681,0.664548826929558
H0889,heldout,4489,ham,Miss call miss call khelate kintu opponenter miss call dhorte lage. Thats d rule. One with great phone receiving quality wins.,0.4104406168374755,ham,0.252323515040259,ham,fit-all-train,0.33138206593886727,0.33138206593886727,False,False,False,0.0,,,0.0,False,0,T1405|T2798|T3636|T1389|T0439,ham|ham|ham|ham|ham,0.1940|0.1870|0.1852|0.1778|0.1772,False,0.16861793406113273,0.0,0.6627641318777345
T3168,train,3943,spam,"Free Msg: get Gnarls Barkleys ""Crazy"" ringtone TOTALLY FREE just reply GO to this message right now!",0.8242697992724678,spam,0.8661036261836559,spam,5-fold-oof,0.8451867127280619,0.1548132872719381,False,False,False,0.5633445526129494,T3117,ham,0.26398952714493207,False,0,T0550|H0044|T3117|H0387|H0347,spam|spam|ham|ham|ham,0.3046|0.2943|0.2640|0.2543|0.2543,False,0.3451867127280619,0.8733108947741013,0.6589509324535168
T2296,train,2849,spam,"Free-message: Jamster!Get the crazy frog sound now! For poly text MAD1, for real text MAD2 to 88888. 6 crazy sounds for just 3 GBP/week! 16+only! T&C's apply",0.8653052965122578,spam,0.7808739230099931,spam,5-fold-oof,0.8230896097611256,0.17691039023887445,False,False,False,0.37883013055109893,T2496,ham,0.24338913193588707,False,0,T4037|T1055|T2496|H0730|T3168,spam|spam|ham|ham|spam,0.2983|0.2650|0.2434|0.2123|0.1840,False,0.32308960976112555,0.7576602611021979,0.6568848849186281
T1108,train,1375,spam,"Bears Pic Nick, and Tom, Pete and ... Dick. In fact, all types try gay chat with photo upload call 08718730666 (10p/min). 2 stop texts call 08712460324",0.5525485231277514,spam,0.7947356646303257,spam,5-fold-oof,0.6736420938790386,0.3263579061209614,False,False,False,0.0,,,0.0,False,0,H0875|T1023|T3320|T0739|H0736,spam|spam|spam|spam|spam,0.7003|0.4779|0.3381|0.3367|0.3347,False,0.17364209387903862,0.0,0.6527158122419228
T1051,train,1300,ham,Your daily text from me – a favour this time,0.2624524593882987,ham,0.3900356465825829,ham,5-fold-oof,0.3262440529854408,0.3262440529854408,False,False,False,0.0,,,0.0,False,0,T0285|H0352|T3565|T3638|T3130,ham|ham|ham|ham|ham,0.2237|0.2225|0.2024|0.2016|0.1785,False,0.1737559470145592,0.0,0.6524881059708816
T4028,train,5031,spam,I'd like to tell you my deepest darkest fantasies. Call me 09094646631 just 60p/min. To stop texts call 08712460324 (nat rate),0.5121912389225068,spam,0.8447637687831218,spam,5-fold-oof,0.6784775038528144,0.32152249614718564,False,False,False,0.0,,,0.0,False,0,T4290|H0736|T1023|H0875|T1108,spam|spam|spam|spam|spam,0.5857|0.4097|0.3572|0.2867|0.2826,False,0.17847750385281436,0.0,0.6430449922943713
T0223,train,265,spam,Hey I am really horny want to chat or see me naked text hot to 69698 text charged at 150pm to unsubscribe text stop 69698,0.5489471382759112,spam,0.8097945861091913,spam,5-fold-oof,0.6793708621925513,0.3206291378074487,False,False,False,0.0,,,0.0,False,0,T3539|T4270|H0065|T2894|T1943,spam|spam|spam|spam|spam,0.2904|0.2840|0.2472|0.2246|0.2212,False,0.17937086219255127,0.0,0.6412582756148975
T4136,train,5170,ham,Oh did you charge camera,0.0650894673420528,ham,0.1936321277185592,ham,5-fold-oof,0.129360797530306,0.129360797530306,False,False,False,0.5484740570139576,H0644,spam,0.2529216126214344,False,0,T1647|H0310|H0644|T3805|T2769,ham|ham|spam|spam|spam,0.3286|0.2915|0.2529|0.2501|0.2501,False,0.370639202469694,0.9030518859720849,0.6199423494494459
T3816,train,4761,spam,Thanks 4 your continued support Your question this week will enter u in2 our draw 4 £100 cash. Name the NEW US President? txt ans to 80082,0.905379416571818,spam,0.7899221650716787,spam,5-fold-oof,0.8476507908217483,0.15234920917825168,False,False,False,0.6267674791185864,T3216,ham,0.25865531370283645,False,0,T3216|T2099|T2097|T0629|T1288,ham|ham|spam|ham|spam,0.2587|0.2026|0.1978|0.1951|0.1931,False,0.3476507908217483,0.7464650417628271,0.6032844350616342
H0873,heldout,4426,ham,Update your face book status frequently :),0.0992680014546965,ham,0.1365408192492039,ham,fit-all-train,0.11790441035195019,0.11790441035195019,False,False,False,0.549078566273042,T0010,spam,0.2016228233315276,False,0,T0300|T3716|T0010|T3348|T4090,ham|ham|spam|spam|spam,0.2799|0.2094|0.2016|0.2016|0.1926,False,0.3820955896480498,0.9018428674539161,0.5965459676854669
T3666,train,4572,spam,Wanna have a laugh? Try CHIT-CHAT on your mobile now! Logon by txting the word: CHAT and send it to No: 8883 CM PO Box 4217 London W1A 6ZF 16+ 118p/msg rcvd,0.8837360360237216,spam,0.8493815575588773,spam,5-fold-oof,0.8665587967912995,0.13344120320870045,False,False,False,0.39554295715924326,T1952,ham,0.1621859032376496,False,0,T2881|T0598|T1952|T1732|H0214,spam|spam|ham|ham|spam,0.1655|0.1637|0.1622|0.1525|0.1517,False,0.36655879679129955,0.7910859143184865,0.5833167721447956
T3400,train,4226,ham,Double eviction this week - Spiral and Michael and good riddance to them!,0.104399744026288,ham,0.1646555056465607,ham,5-fold-oof,0.13452762483642436,0.13452762483642436,False,False,False,0.3872985531530268,T1149,spam,0.18784557442873273,False,0,T1143|T1149|T0434|T1525|T2180,ham|spam|ham|ham|spam,0.2044|0.1878|0.1797|0.1782|0.1677,False,0.36547237516357567,0.7745971063060536,0.5788940921952701
T1441,train,1794,spam,"WIN: We have a winner! Mr. T. Foley won an iPod! More exciting prizes soon, so keep an eye on ur mobile or visit www.win-82050.co.uk",0.8992335423067254,spam,0.8449145243496584,spam,5-fold-oof,0.8720740333281919,0.1279259666718081,False,False,False,0.6004806451965562,H0949,ham,0.1189348637686598,False,0,T1850|H0949|H0475|T3514|H0935,spam|ham|ham|spam|ham,0.1215|0.1189|0.1189|0.1086|0.1081,False,0.3720740333281919,0.7990387096068876,0.5754674171863713
T3768,train,4702,spam,"WIN: We have a winner! Mr. T. Foley won an iPod! More exciting prizes soon, so keep an eye on ur mobile or visit www.win-82050.co.uk",0.9130311515897048,spam,0.8392600080587801,spam,5-fold-oof,0.8761455798242425,0.12385442017575754,False,False,False,0.6004806451965562,H0949,ham,0.1189348637686598,False,0,T1850|H0949|H0475|T3514|H0935,spam|ham|ham|spam|ham,0.1215|0.1189|0.1189|0.1086|0.1081,False,0.37614557982424246,0.7990387096068876,0.5673243241942701
H0836,heldout,4279,ham,I'm glad. You are following your dreams.,0.0984991721266587,ham,0.1124653273574748,ham,fit-all-train,0.10548224974206674,0.10548224974206674,False,False,False,0.5656266890760332,T2757,spam,0.24853622787406926,False,0,T4207|T1345|T2757|T1660|T0057,ham|ham|spam|spam|spam,0.3059|0.2547|0.2485|0.2430|0.2385,False,0.39451775025793323,0.8687466218479336,0.558463148223307
T2235,train,2778,ham,Send me your id and password,0.0678765682383497,ham,0.1773761722857084,ham,5-fold-oof,0.12262637026202905,0.12262637026202905,False,False,False,0.3876397883470313,H0330,spam,0.40822274270710723,False,0,H0330|T3730|T3078|T1709|H0015,spam|ham|ham|ham|spam,0.4082|0.3720|0.3720|0.3079|0.2577,False,0.37737362973797095,0.7752795766940626,0.5553645712016831
T0260,train,313,spam,"Think ur smart ? Win £200 this week in our weekly quiz, text PLAY to 85222 now!T&Cs WinnersClub PO BOX 84, M26 3UZ. 16+. GBP1.50/week",0.9434288222535544,spam,0.8383683962909296,spam,5-fold-oof,0.890898609272242,0.10910139072775804,False,False,False,0.4212365604490847,T1143,ham,0.22550879608741536,False,0,T1143|T2097|T2940|T1949|H1015,ham|spam|spam|ham|spam,0.2255|0.2145|0.1940|0.1894|0.1616,False,0.39089860927224196,0.8424731208981694,0.5551920298147839
T4455,train,5569,spam,"REMINDER FROM O2: To get 2.50 pounds free call credit and details of great offers pls reply 2 this text with your valid name, house no and postcode",0.9059009147162758,spam,0.8738132282985761,spam,5-fold-oof,0.8898570715074259,0.11014292849257412,False,False,False,0.5947041787194767,T1832,ham,0.21368545502261027,False,0,T1310|T1832|T3540|T3409|T3743,spam|ham|ham|spam|ham,0.2250|0.2137|0.2066|0.1920|0.1915,False,0.3898570715074259,0.8105916425610467,0.5445225140095669
T1149,train,1431,spam,For sale - arsenal dartboard. Good condition but no doubles or trebles!,0.0686716481338949,ham,0.1197265638417462,ham,5-fold-oof,0.09419910598782055,0.9058008940121794,True,True,True,0.5571764651160142,T3400,ham,0.18784557442873273,False,2,T3934|T3400|T0434|T0433|H0625,spam|ham|ham|spam|ham,0.2499|0.1878|0.1698|0.1559|0.1530,False,0.40580089401217945,0.8856470697679717,0.5426570398828299
T3501,train,4361,ham,Ü only send me the contents page...,0.0489211659986726,ham,0.106638101734176,ham,5-fold-oof,0.0777796338664243,0.0777796338664243,False,False,False,0.5338038213653102,T0712,spam,0.21804390573656796,False,0,T2243|T1145|T0712|T3591|T2307,ham|ham|spam|spam|spam,0.3134|0.2407|0.2180|0.2141|0.2023,False,0.4222203661335757,0.9323923572693795,0.5285162106406004
T2777,train,3443,spam,Get a FREE mobile video player FREE movie. To collect text GO to 89105. Its free! Extra films can be ordered t's and c's apply. 18 yrs only,0.8735773123272809,spam,0.9257925681388208,spam,5-fold-oof,0.8996849402330509,0.1003150597669491,False,False,False,0.5915777899558272,T2999,ham,0.24153094101284167,False,0,T3790|T2999|T3290|T2026|T1762,spam|ham|spam|ham|ham,0.2453|0.2415|0.2161|0.2138|0.2130,False,0.3996849402330509,0.8168444200883456,0.5273678875692365
T3967,train,4954,spam,"Welcome to Select, an O2 service with added benefits. You can now call our specially trained advisors FREE from your mobile by dialling 402.",0.9428408372260492,spam,0.8637741159360175,spam,5-fold-oof,0.9033074765810334,0.09669252341896661,False,False,False,0.5916753855137581,H0267,ham,0.2114021017390333,False,0,H0267|H0798|T3580|H0582|T2615,ham|spam|spam|ham|ham,0.2114|0.2052|0.1914|0.1867|0.1766,False,0.4033074765810334,0.8166492289724838,0.5200447384269268
T2698,train,3349,ham,No problem baby. Is this is a good time to talk? I called and left a message.,0.0977359240151818,ham,0.0810942850624392,ham,5-fold-oof,0.08941510453881049,0.08941510453881049,False,False,False,0.41664642987786515,T3390,spam,0.3582684473174895,False,0,T3390|T2230|T3453|T4305|H0964,spam|ham|ham|spam|ham,0.3583|0.3450|0.2826|0.2777|0.2629,False,0.4105848954611895,0.8332928597557303,0.5121473529799132
T3889,train,4856,ham,"Also north carolina and texas atm, you would just go to the gre site and pay for the test results to be sent.",0.0595085529938414,ham,0.0981603542972804,ham,5-fold-oof,0.0788344536455609,0.0788344536455609,False,False,False,0.5582645251639102,T0500,spam,0.22058970578379533,False,0,T1702|T0500|H0417|T2189|T0850,ham|spam|ham|spam|spam,0.2552|0.2206|0.2049|0.1805|0.1805,False,0.4211655463544391,0.8834709496721795,0.5110572871599937
T0420,train,517,ham,S:)no competition for him.,0.0716881712179965,ham,0.0766862735941344,ham,5-fold-oof,0.07418722240606546,0.07418722240606546,False,False,False,0.4481584339739275,T0344,spam,0.2790208932883943,False,0,T2639|T0344|T3747|T0413|T1703,ham|spam|ham|spam|spam,0.6535|0.2790|0.2231|0.2164|0.2164,False,0.42581277759393454,0.896316867947855,0.5069011919912729
H0735,heldout,3779,spam,"Mila, age23, blonde, new in UK. I look sex with UK guys. if u like fun with me. Text MTALK to 69866.18 . 30pp/txt 1st 5free. £1.50 increments. Help08718728876",0.9701314445303194,spam,0.8787472791456886,spam,fit-all-train,0.924439361838004,0.07556063816199599,False,False,False,0.44156892823024224,T4006,ham,0.13870240900155273,False,0,T4006|T1171|T0319|T1557|T0550,ham|spam|ham|spam|spam,0.1387|0.1094|0.1009|0.0975|0.0961,False,0.424439361838004,0.8831378564604845,0.5043764189081859
H0912,heldout,4588,spam,"Mila, age23, blonde, new in UK. I look sex with UK guys. if u like fun with me. Text MTALK to 69866.18 . 30pp/txt 1st 5free. £1.50 increments. Help08718728876",0.9701314445303194,spam,0.8787472791456886,spam,fit-all-train,0.924439361838004,0.07556063816199599,False,False,False,0.44156892823024224,T4006,ham,0.13870240900155273,False,0,T4006|T1171|T0319|T1557|T0550,ham|spam|ham|spam|spam,0.1387|0.1094|0.1009|0.0975|0.0961,False,0.424439361838004,0.8831378564604845,0.5043764189081859
T3580,train,4461,spam,"Welcome to UK-mobile-date this msg is FREE giving you free calling to 08719839835. Future mgs billed at 150p daily. To cancel send ""go stop"" to 89123",0.9176814675228778,spam,0.9108629686469518,spam,5-fold-oof,0.9142722180849148,0.08572778191508523,False,False,False,0.41187885072040187,H0267,ham,0.21232510848645547,False,0,T2528|H0267|T0503|T3967|H0657,spam|ham|ham|spam|spam,0.2239|0.2123|0.2068|0.1914|0.1832,False,0.41427221808491477,0.8237577014408037,0.500958644406492
T2867,train,3557,spam,From next month get upto 50% More Calls 4 Ur standard network charge 2 activate Call 9061100010 C Wire3.net 1st4Terms PoBox84 M26 3UZ Cost £1.50 min MobcudB more,0.884657433096462,spam,0.937598532187755,spam,5-fold-oof,0.9111279826421086,0.08887201735789141,False,False,False,0.38928187776340717,T1647,ham,0.16854320433558778,False,0,T3500|T1647|H0164|T0119|T2759,spam|ham|ham|spam|spam,0.1989|0.1685|0.1653|0.1634|0.1615,False,0.4111279826421086,0.7785637555268143,0.48916953692650855
H0986,heldout,4938,ham,K..k.:)congratulation ..,0.0479127733066022,ham,0.0732286229570299,ham,fit-all-train,0.06057069813181605,0.06057069813181605,False,False,False,0.545707821273086,T2904,spam,0.2779163079599275,False,0,T0757|T1221|T2904|T3671|T2277,ham|ham|spam|spam|spam,0.3460|0.3378|0.2779|0.2764|0.2672,False,0.43942930186818396,0.9085843574538279,0.48457513924516327
T3456,train,4294,ham,G.W.R,0.0527163480627096,ham,0.0563330088997119,ham,5-fold-oof,0.054524678481210745,0.054524678481210745,False,False,False,0.5309635832393905,T2875,spam,0.05156135095095504,False,0,T3113|T0379|T2875|T3539|T0192,ham|ham|spam|spam|spam,0.0811|0.0547|0.0516|0.0514|0.0508,False,0.44547532151878927,0.938072833521219,0.4842784903709091
T3827,train,4776,ham,U repeat e instructions again. Wat's e road name of ur house?,0.0614944395330056,ham,0.088514523577958,ham,5-fold-oof,0.0750044815554818,0.0750044815554818,False,False,False,0.4176059779510902,T2153,spam,0.22438425145135288,False,0,T2153|H0157|T2245|T2081|H0444,spam|ham|ham|spam|ham,0.2244|0.2103|0.2091|0.2056|0.1802,False,0.4249955184445182,0.8352119559021804,0.48409374547183576
H0758,heldout,3857,spam,Free msg: Single? Find a partner in your area! 1000s of real people are waiting to chat now!Send CHAT to 62220Cncl send STOPCS 08717890890£1.50 per msg,0.92396735244375,spam,0.9438891077999422,spam,fit-all-train,0.9339282301218461,0.06607176987815389,False,False,False,0.5699222418439437,T0432,ham,0.18271365197713196,False,0,T3948|T0550|T0432|T0470|T3109,spam|spam|ham|ham|ham,0.2035|0.1892|0.1827|0.1696|0.1681,False,0.4339282301218461,0.8601555163121126,0.47620574628115286
T3948,train,4932,spam,"Hi, the SEXYCHAT girls are waiting for you to text them. Text now for a great night chatting. send STOP to stop this service",0.9413148692055192,spam,0.8978972370446874,spam,5-fold-oof,0.9196060531251034,0.08039394687489665,False,False,False,0.3924099449341475,T1459,ham,0.30723759129591954,False,0,H0900|T1459|T0774|T0470|T2528,spam|ham|spam|ham|spam,0.3241|0.3072|0.2884|0.2423|0.2384,False,0.41960605312510335,0.784819889868295,0.47471584969711134
T2793,train,3461,spam,Not heard from U4 a while. Call me now am here all night with just my knickers on. Make me beg for it like U did last time 01223585236 XX Luv Nikiyu4.net,0.0337664120842237,ham,0.0403555966457326,ham,5-fold-oof,0.03706100436497815,0.9629389956350218,True,True,True,0.49598637778679927,T2312,ham,0.2254559481372881,False,2,H0618|H0457|T2312|T0070|H1001,spam|spam|ham|ham|ham,0.3155|0.3155|0.2255|0.1980|0.1975,False,0.46293899563502183,0.9919727555735985,0.47091111095939575
T2759,train,3424,spam,Freemsg: 1-month unlimited free calls! Activate SmartCall Txt: CALL to No: 68866. Subscriptn3gbp/wk unlimited calls Help: 08448714184 Stop?txt stop landlineonly,0.972637324851356,spam,0.9419405278192972,spam,5-fold-oof,0.9572889263353266,0.042711073664673416,False,False,False,0.4800932390172823,T2242,ham,0.3995320160147532,False,0,T2242|T3127|T3689|T2425|T3290,ham|ham|spam|spam|spam,0.3995|0.3491|0.3160|0.2512|0.2434,False,0.4572889263353266,0.9601864780345646,0.4694967385431727
T0976,train,1208,spam,"As a SIM subscriber, you are selected to receive a Bonus! Get it delivered to your door, Txt the word OK to No: 88600 to claim. 150p/msg, EXP. 30Apr",0.9136914296802636,spam,0.9448352841274604,spam,5-fold-oof,0.929263356903862,0.07073664309613803,False,False,False,0.4069061019254952,T3386,ham,0.2840397990732837,False,0,T3386|T3248|T4193|T0547|T1288,ham|spam|spam|ham|spam,0.2840|0.2586|0.2586|0.2239|0.2232,False,0.42926335690386197,0.8138122038509904,0.4669981677326722
T1544,train,1925,ham,Hello. They are going to the village pub at 8 so either come here or there accordingly. Ok?,0.0174952542145394,ham,0.0377499489261148,ham,5-fold-oof,0.0276226015703271,0.0276226015703271,False,False,False,0.49254602705244355,T3420,spam,0.3680561213257052,False,0,T3420|H0133|T3926|H0095|T3835,spam|ham|spam|ham|ham,0.3681|0.2303|0.2012|0.1836|0.1725,False,0.4723773984296729,0.9850920541048871,0.44928202478260904
T2247,train,2792,spam,U’ve Bin Awarded £50 to Play 4 Instant Cash. Call 08715203028 To Claim. EVERY 9th Player Wins Min £50-£500. OptOut 08718727870,0.96108512271137,spam,0.9120934620470176,spam,5-fold-oof,0.9365892923791939,0.06341070762080614,False,False,False,0.40164702610630443,T4130,ham,0.1952322488965912,False,0,T4088|T4130|T0639|T3594|T1958,spam|ham|spam|ham|spam,0.2038|0.1952|0.1951|0.1703|0.1457,False,0.43658929237919386,0.8032940522126089,0.44813903612665584
T1738,train,2174,ham,Yavnt tried yet and never played original either,0.0577872227497416,ham,0.0702943950153808,ham,5-fold-oof,0.0640408088825612,0.0640408088825612,False,False,False,0.3756157694743423,T3055,spam,0.1743453830318048,False,0,T3835|T3280|T0883|T3055|T3379,ham|ham|ham|spam|spam,0.2033|0.1968|0.1795|0.1743|0.1743,False,0.4359591911174388,0.7512315389486846,0.4285742333445962
T1459,train,1815,ham,Yes we are chatting too.,0.0333320563000179,ham,0.0567105047465376,ham,5-fold-oof,0.04502128052327775,0.04502128052327775,False,False,False,0.4223088673986198,T3948,spam,0.30723759129591954,False,0,T3948|T1804|T0848|T0262|T1255,spam|ham|spam|ham|ham,0.3072|0.2763|0.2363|0.2350|0.2323,False,0.45497871947672225,0.8446177347972396,0.42788965496545134
T0757,train,933,ham,Congratulations ore mo owo re wa. Enjoy it and i wish you many happy moments to and fro wherever you go,0.0481068895160194,ham,0.0587188395066349,ham,5-fold-oof,0.05341286451132715,0.05341286451132715,False,False,False,0.36326014850913774,T2904,spam,0.24737233023583793,False,0,H0986|H0942|T4443|T2904|T3671,ham|ham|ham|spam|spam,0.3460|0.2679|0.2522|0.2474|0.2467,False,0.44658713548867285,0.7265202970182755,0.3974338478299645
T1505,train,1876,spam,Would you like to see my XXX pics they are so hot they were nearly banned in the uk!,0.0721695004094053,ham,0.0248979973139311,ham,5-fold-oof,0.0485337488616682,0.9514662511383318,True,True,True,0.6253143027180529,T4408,ham,0.22324280991946666,False,2,T4408|H0678|T2873|T1523|T1471,ham|ham|spam|ham|spam,0.2232|0.2179|0.1917|0.1815|0.1814,False,0.45146625113833183,0.7493713945638942,0.39681605554889404
T0398,train,488,spam,"FREE MESSAGE Activate your 500 FREE Text Messages by replying to this message with the word FREE For terms & conditions, visit www.07781482378.com",0.9738887339015104,spam,0.9684462313603388,spam,5-fold-oof,0.9711674826309247,0.028832517369075328,False,False,False,0.41961218413618934,T3117,ham,0.3066963435897365,False,0,T3117|T1199|H0461|T1246|T1573,ham|spam|ham|spam|spam,0.3067|0.2936|0.2568|0.2436|0.2422,False,0.47116748263092467,0.8392243682723787,0.39335478204710217
T2670,train,3317,spam,"FREE MESSAGE Activate your 500 FREE Text Messages by replying to this message with the word FREE For terms & conditions, visit www.07781482378.com",0.9738887339015104,spam,0.9684462313603388,spam,5-fold-oof,0.9711674826309247,0.028832517369075328,False,False,False,0.41961218413618934,T3117,ham,0.3066963435897365,False,0,T3117|T1199|H0461|T1246|T1573,ham|spam|ham|spam|spam,0.3067|0.2936|0.2568|0.2436|0.2422,False,0.47116748263092467,0.8392243682723787,0.39335478204710217
T4318,train,5399,ham,As in i want custom officer discount oh.,0.0273359281549534,ham,0.0585941286467154,ham,5-fold-oof,0.042965028400834396,0.042965028400834396,False,False,False,0.3801753683303371,H0425,spam,0.2652705875733876,False,0,T4167|T1481|H0425|T0305|T1856,ham|ham|spam|spam|ham,0.3297|0.2821|0.2653|0.2647|0.2522,False,0.4570349715991656,0.7603507366606742,0.3900703514659385
T1607,train,2007,ham,Can't take any major roles in community outreach. You rock mel,0.0150845378576375,ham,0.0199617308007852,ham,5-fold-oof,0.01752313432921135,0.01752313432921135,False,False,False,0.43285645129250677,H0181,spam,0.24060153173418986,False,0,H0181|T0778|H0151|T2957|T4240,spam|ham|spam|ham|ham,0.2406|0.2178|0.1901|0.1758|0.1708,False,0.4824768656707886,0.8657129025850135,0.38133142969242817
T2425,train,3015,spam,FREE UNLIMITED HARDCORE PORN direct 2 your mobile Txt PORN to 69200 & get FREE access for 24 hrs then chrgd@50p per day txt Stop 2exit. This msg is free,0.9735836657524224,spam,0.9739886543066808,spam,5-fold-oof,0.9737861600295517,0.02621383997044835,False,False,False,0.4057870554851989,T2242,ham,0.3196096151801687,False,0,H0563|T2242|T3127|T2759|T4170,spam|ham|ham|spam|spam,0.3399|0.3196|0.2540|0.2512|0.2489,False,0.47378616002955165,0.8115741109703978,0.3770573243290558
T4141,train,5176,ham,U 2.,0.0486209571191045,ham,0.0368898818272487,ham,5-fold-oof,0.0427554194731766,0.0427554194731766,False,False,False,0.3639213164652502,T0421,spam,0.1347745038748991,False,0,T3388|T1165|T0421|T3150|T1000,ham|ham|spam|spam|ham,0.1823|0.1597|0.1348|0.1269|0.1154,False,0.4572445805268234,0.7278426329305004,0.37664789211855343
T0305,train,369,spam,Here is your discount code RP176781. To stop further messages reply stop. www.regalportfolio.co.uk. Customer Services 08717205546,0.9784095630433856,spam,0.9737260257418257,spam,5-fold-oof,0.9760677943926056,0.023932205607394397,False,False,False,0.37330348196890634,T4318,ham,0.26469626503218946,False,0,H0425|T4318|T3822|T0928|T2774,spam|ham|spam|spam|ham,0.3353|0.2647|0.2390|0.2310|0.2150,False,0.4760677943926056,0.7466069639378127,0.3465071967899139
H0900,heldout,4535,spam,Gr8 new service - live sex video chat on your mob - see the sexiest dirtiest girls live on ur phone - 4 details text horny to 89070 to cancel send STOP to 89070,0.9878586013956964,spam,0.9665312663688724,spam,fit-all-train,0.9771949338822844,0.0228050661177156,False,False,False,0.35734724044267047,T1020,ham,0.19778019737400743,False,0,T3948|T1020|T4039|T2894|T0223,spam|ham|ham|spam|spam,0.3241|0.1978|0.1978|0.1938|0.1935,False,0.4771949338822844,0.7146944808853409,0.3314879245895676
T2487,train,3090,ham,"'Wnevr i wana fal in luv vth my books, My bed fals in luv vth me..!'' . Yen madodu, nav pretsorginta, nammanna pretsovru important alwa....!!:) Gud eveB-).",0.0100070389106028,ham,0.0227249734561017,ham,5-fold-oof,0.016366006183352252,0.016366006183352252,False,False,False,0.3638082539609363,T0610,spam,0.14759728438824604,False,0,T2988|H0463|T3468|T0610|T4294,ham|ham|ham|spam|spam,0.2085|0.1537|0.1529|0.1476|0.1470,False,0.48363399381664773,0.7276165079218726,0.32377861553545356
