id,split,uci_row_number,label,text,word_p_spam,word_pred,char_p_spam,char_pred,prediction_source,neighbour_count,opposite_neighbour_fraction,closest_opposite_id,closest_opposite_similarity,neighbour_ids,neighbour_labels,neighbour_similarities,word_opposes,char_opposes,neighbour_opposes,signal_count,mean_p_spam,opposition_strength,proposed_label,model_disagreement,boundary_distance,neighbour_mixedness,ambiguity_score
H0935,heldout,4703,ham,I liked the new mobile,0.434567757870319,ham,0.5273291533019926,spam,fit-all-train,5,0.4824049768822607,H0891,0.27291848772163463,T3887|H0891|T3205|T3209|T3348,ham|spam|ham|spam|spam,0.5647|0.2729|0.2656|0.2514|0.2495,False,True,False,1,0.4809484555861558,0.4809484555861558,spam,True,0.019051544413844212,0.9648099537645214,1.7478208926781202
T0935,train,1155,spam,1000's of girls many local 2 u who r virgins 2 this & r ready 2 4fil ur every sexual need. Can u 4fil theirs? text CUTE to 69911(£1.50p. m),0.4428982358315745,ham,0.5423869357400626,spam,5-fold-oof,5,0.5770142019580133,H1020,0.16402522811823017,T0848|H1020|T3018|T3948|T1683,spam|ham|ham|spam|ham,0.1836|0.1640|0.1633|0.1621|0.1443,True,False,False,1,0.49264258578581854,0.5073574142141815,ham,True,0.007357414214181457,0.8459715960839733,1.7236738100052262
T3511,train,4374,spam,"Ur balance is now £600. Next question: Complete the landmark, Big, A. Bob, B. Barry or C. Ben ?. Text A, B or C to 83738. Good luck!",0.554217506492752,spam,0.4409373718931481,ham,5-fold-oof,5,0.6174290884892938,T4341,0.1884043696462906,T1073|T4341|T4125|H0608|T0114,spam|ham|ham|ham|ham,0.4095|0.1884|0.1604|0.1573|0.1547,False,True,False,1,0.49757743919295006,0.50242256080705,ham,True,0.002422560807049945,0.7651418230214124,1.7012116075944652
T0660,train,816,spam,"U were outbid by simonwatson5120 on the Shinco DVD Plyr. 2 bid again, visit sms. ac/smsrewards 2 end bid notifications, reply END OUT",0.6001556918394594,spam,0.3621159927257759,ham,5-fold-oof,5,0.3866546285845047,H0421,0.1665184420780037,T2875|H0421|T0928|T1889|T0047,spam|ham|spam|ham|spam,0.2022|0.1665|0.1594|0.1568|0.1513,False,True,False,1,0.48113584228261763,0.5188641577173824,ham,True,0.018864157717382368,0.7733092571690094,1.671595387432839
H0146,heldout,762,spam,"Romantic Paris. 2 nights, 2 flights from £79 Book now 4 next year. Call 08704439680Ts&Cs apply.",0.600756930178189,spam,0.4445716628880639,ham,fit-all-train,5,0.6167123971301641,T1833,0.26791163257701645,T1833|T3023|T0189|T1474|T2878,ham|spam|ham|ham|spam,0.2679|0.2281|0.1807|0.1643|0.1528,False,True,False,1,0.5226642965331264,0.4773357034668736,ham,True,0.022664296533126405,0.7665752057396718,1.661301489229616
T0712,train,882,spam,Reminder: You have not downloaded the content you have already paid for. Goto http://doit. mymoby. tv/ to collect your content.,0.6148475690062141,spam,0.3540974913413173,ham,5-fold-oof,5,0.3511844578755575,T1304,0.22399234013603586,T3591|T0141|T3724|T1304|T3501,spam|spam|spam|ham|ham,0.2956|0.2695|0.2516|0.2240|0.2180,False,True,False,1,0.4844725301737657,0.5155274698262343,ham,True,0.01552746982623432,0.702368915751115,1.6498926266479774
H0151,heldout,789,spam,Ever thought about living a good life with a perfect partner? Just txt back NAME and AGE to join the mobile community. (100p/SMS),0.5622279061524149,spam,0.3673334678250155,ham,fit-all-train,5,0.6254805978554951,T1910,0.20768052711938112,H0181|T1910|T4276|H0831|T1607,spam|ham|ham|ham|ham,0.4763|0.2077|0.2043|0.1933|0.1901,False,True,False,1,0.4647806869887152,0.5352193130112848,ham,True,0.03521931301128478,0.7490388042890097,1.6291768956930341
T2259,train,2805,spam,FreeMsg>FAV XMAS TONES!Reply REAL,0.4704565365911552,ham,0.6328025727792552,spam,5-fold-oof,5,0.3715718442472611,T0804,0.2042698357269659,T1667|T0804|T1862|H0377|T3409,spam|ham|ham|spam|spam,0.3119|0.2043|0.2043|0.1899|0.1892,True,False,False,1,0.5516295546852052,0.44837044531479475,ham,True,0.05162955468520525,0.7431436884945222,1.5939983660273982
H0181,heldout,944,spam,How about getting in touch with folks waiting for company? Just txt back your NAME and AGE to opt in! Enjoy the community (150p/SMS),0.5939435406761521,spam,0.475204903790087,ham,fit-all-train,5,0.6758966656039881,T3536,0.3076990034778413,H0151|T3536|T1607|T0470|H0670,spam|ham|ham|ham|ham,0.4763|0.3077|0.2406|0.2328|0.2121,False,True,True,2,0.5345742222331196,0.46542577776688043,ham,True,0.03457422223311957,0.6482066687920238,1.5901342230505704
T2758,train,3423,spam,Welcome! Please reply with your AGE and GENDER to begin. e.g 24M,0.4891100271840602,ham,0.5229652461306605,spam,5-fold-oof,5,0.7483771341450755,H0267,0.23044211066559772,T1660|H0267|T3406|T3006|T2852,spam|ham|ham|ham|ham,0.2763|0.2304|0.1971|0.1971|0.1971,True,False,False,1,0.5060376366573603,0.49396236334263965,ham,True,0.006037636657360346,0.5032457317098491,1.5892230193692192
H0944,heldout,4753,spam,Your weekly Cool-Mob tones are ready to download !This weeks new Tones include: 1) Crazy Frog-AXEL F>>> 2) Akon-Lonely>>> 3) Black Eyed-Dont P >>>More info in n,0.504201714947065,spam,0.4848229635197859,ham,fit-all-train,5,0.2144496416803464,T1304,0.22748878453058397,T2153|T1304|T1807|T3055|T3379,spam|ham|spam|spam|spam,0.2716|0.2275|0.1932|0.1842|0.1842,False,True,False,1,0.4945123392334254,0.5054876607665746,ham,True,0.005487660766574587,0.42889928336069283,1.560584391811128
H1024,heldout,5101,spam,"TheMob>Hit the link to get a premium Pink Panther game, the new no. 1 from Sugababes, a crazy Zebra animation or a badass Hoody wallpaper-all 4 FREE!",0.6745142060408593,spam,0.3662261050478869,ham,fit-all-train,5,0.22858563789416358,T0085,0.22913244604085592,T0085|T1604|T4395|T0540|T4037,ham|spam|spam|spam|spam,0.2291|0.2229|0.2138|0.1795|0.1572,False,True,False,1,0.5203701555443732,0.47962984445562684,ham,True,0.02037015554437316,0.45717127578832717,1.5421281992265845
H0801,heldout,4074,spam,Loans for any purpose even if you have Bad Credit! Tenants Welcome. Call NoWorriesLoans.com on 08717111821,0.5367876659604276,spam,0.4828479083681835,ham,fit-all-train,5,0.16545510301538363,T0083,0.23379736812632934,T0374|T2420|T1429|T0083|H0425,spam|spam|spam|ham|spam,0.3364|0.3364|0.3364|0.2338|0.1699,False,True,False,1,0.5098177871643055,0.4901822128356945,ham,True,0.00981778716430548,0.33091020603076726,1.5127285080836959
T3592,train,4476,spam,Want explicit SEX in 30 secs? Ring 02073162414 now! Costs 20p/min,0.3894607945688701,ham,0.552718962827773,spam,5-fold-oof,5,0.20857991623925837,T2308,0.17891624920814897,T4431|T2308|H0075|T4305|T1471,spam|ham|ham|spam|spam,0.9098|0.1789|0.1160|0.1102|0.0991,True,False,False,1,0.47108987869832153,0.5289101213016785,ham,True,0.02891012130167847,0.41715983247851673,1.5090436903880498
T1363,train,1700,spam,"Free msg. Sorry, a service you ordered from 81303 could not be delivered as you do not have sufficient credit. Please top up to receive the service.",0.4963981262563061,ham,0.7180337704540934,spam,5-fold-oof,5,0.3956294896108952,T0838,0.2561626605992875,T0141|T0135|T0838|T0547|T0976,spam|spam|ham|ham|spam,0.2728|0.2638|0.2562|0.2341|0.2123,True,False,False,1,0.6072159483551998,0.39278405164480024,ham,True,0.10721594835519976,0.7912589792217904,1.5020716949783166
T0433,train,530,spam,You will recieve your tone within the next 24hrs. For Terms and conditions please see Channel U Teletext Pg 750,0.2521741822497072,ham,0.6536121930668323,spam,5-fold-oof,5,0.22711164639543185,H0625,0.24163887865983014,H0625|T2670|T0398|T4057|T1149,ham|spam|spam|spam|spam,0.2416|0.2225|0.2225|0.2213|0.1559,True,False,False,1,0.45289318765826975,0.5471068123417302,ham,True,0.04710681234173025,0.4542232927908637,1.4874756924328851
T3811,train,4755,spam,Cashbin.co.uk (Get lots of cash this weekend!) www.cashbin.co.uk Dear Welcome to the weekend We have got our biggest and best EVER cash give away!! These..,0.7110158094995459,spam,0.3618215502759819,ham,5-fold-oof,5,0.8102961402665937,T2951,0.2884183178367833,T2951|H0888|T2030|T2612|H0074,ham|ham|spam|ham|ham,0.2884|0.2599|0.2347|0.2321|0.2219,False,True,False,1,0.5364186798877639,0.4635813201122361,ham,True,0.03641867988776393,0.3794077194668126,1.4789257280111971
T4301,train,5380,spam,The current leading bid is 151. To pause this auction send OUT. Customer Care: 08718726270,0.2906607083194196,ham,0.5059300285002417,spam,5-fold-oof,5,0.33867090537875016,H0615,0.23095311378997074,T3896|T2875|H0615|H0543|T2365,spam|spam|ham|ham|spam,0.4245|0.2511|0.2310|0.2288|0.2221,True,False,False,1,0.39829536840983065,0.6017046315901693,ham,True,0.10170463159016935,0.6773418107575003,1.4675274611226614
T1427,train,1779,spam,Buy Space Invaders 4 a chance 2 win orig Arcade Game console. Press 0 for Games Arcade (std WAP charge) See o2.co.uk/games 4 Terms + settings. No purchase,0.7258890569359105,spam,0.4405741764222209,ham,5-fold-oof,5,0.2896931510230962,T3089,0.1586257003186904,H0939|T1850|T3089|T0562|T2521,spam|spam|ham|ham|spam,0.4410|0.1624|0.1586|0.1470|0.1460,False,True,False,1,0.5832316166790658,0.41676838332093424,ham,True,0.08323161667906576,0.5793863020461923,1.4652912874603456
T3796,train,4736,spam,Buy Space Invaders 4 a chance 2 win orig Arcade Game console. Press 0 for Games Arcade (std WAP charge) See o2.co.uk/games 4 Terms + settings. No purchase,0.7258890569359105,spam,0.4405741764222209,ham,5-fold-oof,5,0.2896931510230962,T3089,0.1586257003186904,H0939|T1850|T3089|T0562|T2521,spam|spam|ham|ham|spam,0.4410|0.1624|0.1586|0.1470|0.1460,False,True,False,1,0.5832316166790658,0.41676838332093424,ham,True,0.08323161667906576,0.5793863020461923,1.4652912874603456
T2658,train,3303,spam,RCT' THNQ Adrian for U text. Rgds Vatian,0.8141420056632409,spam,0.1338449581823305,ham,5-fold-oof,5,0.8565978178328101,T1450,0.2356474467958002,T1450|T4133|T2896|T2528|H0511,ham|ham|ham|spam|ham,0.2356|0.1862|0.1172|0.1078|0.1049,False,True,False,1,0.4739934819227857,0.5260065180772143,ham,True,0.026006518077214325,0.28680436433437984,1.4627087095793234
T3123,train,3886,spam,A link to your picture has been sent. You can also use http://alto18.co.uk/wave/wave.asp?o=44345,0.6943759117492649,spam,0.4193300936027541,ham,5-fold-oof,5,0.19091033184632025,H0073,0.18540994772706731,T3979|T3351|T0016|T0422|H0073,spam|spam|spam|spam|ham,0.2000|0.1975|0.1956|0.1927|0.1854,False,True,False,1,0.5568530026760095,0.44314699732399054,ham,True,0.056853002676009456,0.38182066369264045,1.439022260125037
H0030,heldout,192,spam,Are you unique enough? Find out from 30th August. www.areyouunique.co.uk,0.7631857393362197,spam,0.3696917427503894,ham,fit-all-train,5,0.7905190541457218,T0261,0.2340825863000412,T0261|T3822|T2568|T0373|T3069,ham|spam|ham|ham|ham,0.2341|0.2012|0.1875|0.1837|0.1541,False,True,False,1,0.5664387410433045,0.4335612589566955,ham,True,0.0664387410433045,0.41896189170855647,1.4347072745968135
T1884,train,2353,spam,"Download as many ringtones as u like no restrictions, 1000s 2 choose. U can even send 2 yr buddys. Txt Sir to 80082 £3 ",0.1914713122855508,ham,0.5293809448323886,spam,5-fold-oof,5,0.6274142150523857,T1304,0.26453681968999154,T1304|H0741|T1807|H0044|T1007,ham|ham|spam|spam|ham,0.2645|0.2115|0.1961|0.1922|0.1777,True,False,False,1,0.3604261285589697,0.6395738714410303,ham,True,0.13957387144103028,0.7451715698952286,1.418920885076031
T1174,train,1461,spam,Bought one ringtone and now getting texts costing 3 pound offering more tones etc,0.2411734411139055,ham,0.6177699940648897,spam,5-fold-oof,5,0.1979982597588444,T3536,0.21613365529476902,T3202|T3285|T3536|T1807|T0550,spam|spam|ham|spam|spam,0.2272|0.2218|0.2161|0.2139|0.2125,True,False,False,1,0.4294717175893976,0.5705282824106024,ham,True,0.07052828241060238,0.3959965195176889,1.4173420429858707
T2824,train,3502,spam,Dorothy@kiefer.com (Bank of Granite issues Strong-Buy) EXPLOSIVE PICK FOR OUR MEMBERS *****UP OVER 300% *********** Nasdaq Symbol CDGT That is a $5.00 per..,0.5036570783387317,spam,0.4241145047977219,ham,5-fold-oof,5,0.07636330173309368,T2946,0.12269048365667456,T3212|H0467|T1654|T1685|T2946,spam|spam|spam|spam|ham,0.9600|0.2109|0.1818|0.1314|0.1227,False,True,False,1,0.46388579156822685,0.5361142084317732,ham,True,0.036114208431773154,0.15272660346618738,1.3888622245229285
T4097,train,5123,spam,PRIVATE! Your 2003 Account Statement for 078,0.5010608996731815,spam,0.4720777729638004,ham,5-fold-oof,5,0.0,,0.0,T3878|H0110|T3737|T4026|T0435,spam|spam|spam|spam|spam,0.4966|0.4900|0.4884|0.4863|0.4860,False,True,False,1,0.4865693363184909,0.5134306636815091,ham,True,0.01343066368150908,0.0,1.3731386726369819
T0047,train,55,spam,SMS. ac Sptv: The New Jersey Devils and the Detroit Red Wings play Ice Hockey. Correct or Incorrect? End? Reply END SPTV,0.6221823535326496,spam,0.3488636676553263,ham,5-fold-oof,5,1.0,T2456,0.3432817801469832,T2456|T1066|T3413|H0826|T1688,ham|ham|ham|ham|ham,0.3433|0.2726|0.2511|0.2464|0.2174,False,True,True,2,0.48552301059398795,0.514476989406012,ham,True,0.014476989406012053,0.0,1.371046021187976
T0470,train,575,ham,Waiting for your call.,0.6885113027891087,spam,0.3485128766023059,ham,5-fold-oof,5,0.0,,0.0,T0743|H0366|T2715|H0022|T1646,ham|ham|ham|ham|ham,0.8105|0.8071|0.6156|0.5090|0.4978,True,False,False,1,0.5185120896957073,0.5185120896957073,spam,True,0.01851208969570728,0.0,1.3629758206085856
T0845,train,1046,spam,"We know someone who you know that fancies you. Call 09058097218 to find out who. POBox 6, LS15HB 150p",0.3725402258918655,ham,0.5769554476641988,spam,5-fold-oof,5,0.0,,0.0,T2647|H0476|T3034|T2687|T2820,spam|spam|spam|spam|spam,0.5394|0.3531|0.3384|0.2730|0.2681,True,False,False,1,0.4747478367780321,0.5252521632219679,ham,True,0.025252163221967883,0.0,1.3494956735560644
T4033,train,5038,spam,You won't believe it but it's true. It's Incredible Txts! Reply G now to learn truly amazing things that will blow your mind. From O2FWD only 18p/txt,0.5782134767935024,spam,0.4733041632271055,ham,5-fold-oof,5,1.0,T4135,0.2197581176922465,T4135|T4175|H0050|T1659|T3550,ham|ham|ham|ham|ham,0.2198|0.2096|0.1768|0.1767|0.1740,False,True,False,1,0.5257588200103039,0.47424117998969606,ham,True,0.02575882001030394,0.0,1.3484823599793923
T0341,train,416,spam,100 dating service cal;l 09064012103 box334sk38ch,0.4085334111351962,ham,0.6479295002694463,spam,5-fold-oof,5,0.0,,0.0,H1044|H0798|T3470|T0866|T3034,spam|spam|spam|spam|spam,0.5770|0.2787|0.1861|0.1861|0.1704,True,False,False,1,0.5282314557023212,0.4717685442976788,ham,True,0.028231455702321218,0.0,1.3435370885953577
H0287,heldout,1459,spam,CLAIRE here am havin borin time & am now alone U wanna cum over 2nite? Chat now 09099725823 hope 2 C U Luv CLAIRE xx Calls£1/minmoremobsEMSPOBox45PO139WA,0.3050145235495384,ham,0.6128348698598873,spam,fit-all-train,5,0.0,,0.0,T1029|T1799|T1180|T1338|T2761,spam|spam|spam|spam|spam,0.6679|0.2685|0.2675|0.2659|0.2393,True,False,False,1,0.45892469670471286,0.5410753032952871,ham,True,0.041075303295287136,0.0,1.3178493934094258
T4431,train,5540,spam,Want explicit SEX in 30 secs? Ring 02073162414 now! Costs 20p/min Gsex POBOX 2667 WC1N 3XX,0.4951219079591845,ham,0.7520970949738931,spam,5-fold-oof,5,0.19334575027324233,T2308,0.16044598758433892,T3592|T2308|H0075|T4305|T1471,spam|ham|ham|spam|spam,0.9098|0.1604|0.1041|0.0988|0.0949,True,False,False,1,0.6236095014665388,0.3763904985334612,ham,True,0.12360950146653882,0.3866915005464846,1.307457597285516
T0255,train,306,spam,"SMS. ac Blind Date 4U!: Rodds1 is 21/m from Aberdeen, United Kingdom. Check Him out http://img. sms. ac/W/icmb3cktz8r7!-4 no Blind Dates send HIDE",0.4806142316206058,ham,0.4702290666694462,ham,5-fold-oof,5,0.5669561298169916,T3791,0.14750154166118745,T3864|T0549|T3791|T3722|T2375,spam|spam|ham|ham|ham,0.1644|0.1496|0.1475|0.1330|0.1307,True,True,False,2,0.475421649145026,0.524578350854974,ham,False,0.024578350854974007,0.8660877403660168,1.2972783944364588
H0461,heldout,2290,ham,Dont you have message offer,0.5148600906878993,spam,0.2264722379268267,ham,fit-all-train,5,0.1874318331486276,T4305,0.36145296752201506,T3117|T2314|T4305|T4379|T3846,ham|ham|spam|ham|ham,0.4835|0.3881|0.3615|0.3513|0.3442,True,False,False,1,0.370666164307363,0.370666164307363,spam,True,0.129333835692637,0.3748636662972552,1.291277795133628
T3458,train,4296,spam,Kit Strip - you have been billed 150p. Netcollex Ltd. PO Box 1013 IG11 OJA,0.6616396332035096,spam,0.4543292531241983,ham,5-fold-oof,5,0.0,,0.0,T2894|H0810|T0125|T2055|T3580,spam|spam|spam|spam|spam,0.2814|0.2226|0.2166|0.1537|0.1263,False,True,False,1,0.557984443163854,0.442015556836146,ham,True,0.05798444316385398,0.0,1.2840311136722922
T0549,train,673,spam,"SMS. ac sun0819 posts HELLO:""You seem cool, wanted to say hi. HI!!!"" Stop? Send STOP to 62468",0.5560814460778717,spam,0.3154179132557346,ham,5-fold-oof,5,0.0,,0.0,H0973|H0991|T0140|T4035|T4178,spam|spam|spam|spam|spam,0.2639|0.2637|0.2582|0.2532|0.2337,False,True,False,1,0.4357496796668031,0.5642503203331969,ham,True,0.06425032033319689,0.0,1.2714993593336064
T2761,train,3426,spam,Am new 2 club & dont fink we met yet Will B gr8 2 C U Please leave msg 2day wiv ur area 09099726553 reply promised CARLIE x Calls£1/minMobsmore LKPOBOX177HP51FL,0.3743226296641355,ham,0.7611990390452206,spam,5-fold-oof,5,0.0,,0.0,T1180|T1338|T1799|H0287|T1029,spam|spam|spam|spam|spam,0.5760|0.5395|0.4751|0.2393|0.2107,True,False,False,1,0.5677608343546781,0.43223916564532194,ham,True,0.06776083435467806,0.0,1.2644783312906438
T1338,train,1664,spam,Hi if ur lookin 4 saucy daytime fun wiv busty married woman Am free all next week Chat now 2 sort time 09099726429 JANINExx Calls£1/minMobsmoreLKPOBOX177HP51FL,0.4214396264676136,ham,0.7375951924351918,spam,5-fold-oof,5,0.0,,0.0,T1180|T1799|T2761|H0287|T1029,spam|spam|spam|spam|spam,0.5639|0.5474|0.5395|0.2659|0.2360,True,False,False,1,0.5795174094514027,0.42048259054859727,ham,True,0.07951740945140273,0.0,1.2409651810971947
T0540,train,661,spam,88800 and 89034 are premium phone services call 08718711108,0.4883697441064064,ham,0.8708144362580426,spam,5-fold-oof,5,0.23371493448543784,T2798,0.23928989276499713,T2798|T0636|T0610|H0875|T1834,ham|spam|spam|spam|spam,0.2393|0.2260|0.1916|0.1841|0.1829,True,False,False,1,0.6795920901822244,0.32040790981777556,ham,True,0.17959209018222444,0.4674298689708757,1.2277877672239015
T1426,train,1778,spam,Call FREEPHONE 0800 542 0578 now!,0.4683980826988349,ham,0.8034210594899434,spam,5-fold-oof,5,0.11025146811114624,T2798,0.21206742354886865,T0636|T0489|T3143|T2798|T0811,spam|spam|spam|ham|spam,0.5835|0.4604|0.4604|0.2121|0.2071,True,False,False,1,0.6359095710943892,0.36409042890561083,ham,True,0.13590957109438917,0.22050293622229244,1.2163820323001386
T1604,train,2004,spam,TheMob>Yo yo yo-Here comes a new selection of hot downloads for our members to get for FREE! Just click & open the next link sent to ur fone...,0.5071254452575013,spam,0.5945584796847071,spam,5-fold-oof,5,0.6079938015491098,T1304,0.2439337250108955,T1304|T0078|T0016|H1024|T1219,ham|ham|spam|spam|ham,0.2439|0.2346|0.2289|0.2229|0.2222,False,False,False,0,0.5508419624711042,0.4491580375288958,ham,False,0.050841962471104174,0.7840123969017805,1.2119210338185038
H0318,heldout,1641,spam,FreeMsg:Feelin kinda lnly hope u like 2 keep me company! Jst got a cam moby wanna c my pic?Txt or reply DATE to 82242 Msg150p 2rcv Hlp 08712317606 stop to 82242,0.4547016877120584,ham,0.8408952126613649,spam,fit-all-train,5,0.10952931424718984,T0901,0.14470186976983523,H0903|T1717|T2177|T0901|T2259,spam|spam|spam|ham|spam,0.6595|0.1863|0.1861|0.1447|0.1445,True,False,False,1,0.6477984501867117,0.35220154981328833,ham,True,0.14779845018671167,0.21905862849437963,1.1920265510243286
T4364,train,5459,spam,"""For the most sparkling shopping breaks from 45 per person; call 0121 2025050 or visit www.shortbreaks.org.uk""",0.7702032349578333,spam,0.4607855977953065,ham,5-fold-oof,5,1.0,T2286,0.1854794088056836,T2286|H0930|T2541|T4084|T2718,ham|ham|ham|ham|ham,0.1855|0.1855|0.1703|0.1626|0.1620,False,True,False,1,0.6154944163765699,0.3845055836234301,ham,True,0.11549441637656988,0.0,1.1690111672468602
H0927,heldout,4677,spam,"Hi babe its Chloe, how r u? I was smashed on saturday night, it was great! How was your weekend? U been missing me? SP visionsms.com Text stop to stop 150p/text",0.4797010529347472,ham,0.45602195472557,ham,fit-all-train,5,0.7094715248579736,T3180,0.25950804733962607,T2466|T3180|T0487|T1732|T0338,spam|ham|ham|ham|ham,0.3898|0.2595|0.2337|0.2315|0.2271,True,True,False,2,0.46786150383015856,0.5321384961698414,ham,False,0.032138496169841435,0.5810569502840528,1.1681457877739383
T2153,train,2681,spam,"New Tones This week include: 1)McFly-All Ab.., 2) Sara Jorge-Shock.. 3) Will Smith-Switch.. To order follow instructions on next message",0.5759112187654547,spam,0.6305296346089216,spam,5-fold-oof,5,0.5356913944593583,T3827,0.22438425145135288,H0944|T3827|T2081|T3117|T1327,spam|ham|spam|ham|ham,0.2716|0.2244|0.2045|0.1639|0.1611,False,False,False,0,0.6032204266871881,0.3967795733128119,ham,False,0.10322042668718812,0.9286172110812834,1.1650060310581372
T3102,train,3861,spam,"Win the newest Harry Potter and the Order of the Phoenix (Book 5) reply HARRY, answer 5 questions - chance to be the first among readers!",0.5984151428768641,spam,0.6422824095337349,spam,5-fold-oof,5,0.5026620365487016,T0114,0.36775716051299434,T1064|T0114|H0117|H0749|H0395,spam|ham|ham|ham|ham,1.0000|0.3678|0.2143|0.2143|0.2143,False,False,False,0,0.6203487762052995,0.3796512237947005,ham,False,0.12034877620529949,0.9946759269025969,1.1571728183504397
T1799,train,2249,spam,Back 2 work 2morro half term over! Can U C me 2nite 4 some sexy passion B4 I have 2 go back? Chat NOW 09099726481 Luv DENA Calls £1/minMobsmoreLKPOBOX177HP51FL,0.1895433216528611,ham,0.5097820109990625,spam,5-fold-oof,5,0.0,,0.0,T1338|T1180|T2761|H0287|T1029,spam|spam|spam|spam|spam,0.5474|0.5100|0.4751|0.2685|0.2400,True,False,False,1,0.3496626663259618,0.6503373336740381,ham,True,0.15033733367403818,0.0,1.0993253326519237
T0119,train,140,spam,You'll not rcv any more msgs from the chat svc. For FREE Hardcore services text GO to: 69988 If u get nothing u must Age Verify with yr network & try again,0.594096158991405,spam,0.6463632143422523,spam,5-fold-oof,5,0.5754648139864361,T1222,0.19611915211018316,T2425|T1222|H0243|T2645|T1786,spam|ham|spam|ham|ham,0.2240|0.1961|0.1921|0.1889|0.1790,False,False,False,0,0.6202296866668287,0.37977031333317135,ham,False,0.12022968666682865,0.8490703720271278,1.0991687754771937
T1310,train,1626,spam,500 free text msgs. Just text ok to 80488 and we'll credit your account,0.5269010507839808,spam,0.7633549240556564,spam,5-fold-oof,5,0.4668303712832058,T0788,0.2681009763261184,T1199|T1573|T0788|T4140|T4133,spam|spam|ham|ham|ham,0.5753|0.3203|0.2681|0.2653|0.2507,False,False,False,0,0.6451279874198186,0.3548720125801814,ham,False,0.14512798741981858,0.9336607425664116,1.0832083221869275
T2504,train,3112,spam,Good Luck! Draw takes place 28th Feb 06. Good Luck! For removal send STOP to 87239 customer services 08708034412,0.5889153522216413,spam,0.697052034748647,spam,5-fold-oof,5,0.4536392616645184,H0543,0.2781963858124108,T3822|T0928|H0543|H0615|H0070,spam|spam|ham|ham|ham,0.6509|0.3253|0.2782|0.2746|0.2578,False,False,False,0,0.6429836934851441,0.35701630651485594,ham,False,0.14298369348514406,0.9072785233290368,1.0769440223613267
T4039,train,5047,ham,"We have sent JD for Customer Service cum Accounts Executive to ur mail id, For details contact us",0.5044871510302054,spam,0.7161351539174219,spam,5-fold-oof,5,0.36077579185694775,H0371,0.2291376741918768,H0777|T0578|H0371|T0610|H0543,ham|ham|spam|spam|ham,0.2929|0.2906|0.2291|0.2291|0.2285,True,True,False,2,0.6103111524738136,0.6103111524738136,spam,False,0.11031115247381362,0.7215515837138955,1.0679983285379309
T1020,train,1261,ham,"We have sent JD for Customer Service cum Accounts Executive to ur mail id, For details contact us",0.5044871510302054,spam,0.7161351539174219,spam,5-fold-oof,5,0.36077579185694775,H0371,0.2291376741918768,H0777|T0578|H0371|T0610|H0543,ham|ham|spam|spam|ham,0.2929|0.2906|0.2291|0.2291|0.2285,True,True,False,2,0.6103111524738136,0.6103111524738136,spam,False,0.11031115247381362,0.7215515837138955,1.0679983285379309
T3426,train,4257,spam,Block Breaker now comes in deluxe format with new features and great graphics from T-Mobile. Buy for just £5 by replying GET BBDELUXE and take the challenge,0.3484610994656281,ham,0.4259557098163674,ham,5-fold-oof,5,0.6356418561013316,T2543,0.27190711280966706,T2543|T1213|T3545|T2646|H0004,ham|spam|ham|ham|spam,0.2719|0.1874|0.1613|0.1504|0.1471,True,True,False,2,0.3872084046409977,0.6127915953590023,ham,False,0.1127915953590023,0.7287162877973368,1.0659033244009302
H0342,heldout,1719,spam,WOW! The Boys R Back. TAKE THAT 2007 UK Tour. Win VIP Tickets & pre-book with VIP Club. Txt CLUB to 81303. Trackmarque Ltd info@vipclub4u.,0.7360774484093495,spam,0.519363041823694,spam,fit-all-train,5,0.37172470579191863,T1687,0.13939233004515383,T0226|T2847|T1687|T3082|T3530,spam|spam|ham|spam|ham,0.1720|0.1509|0.1394|0.1385|0.1336,False,False,False,0,0.6277202451165218,0.3722797548834782,ham,False,0.1277202451165218,0.7434494115838373,1.0419392744004914
H0509,heldout,2576,spam,Your next amazing xxx PICSFREE1 video will be sent to you enjoy! If one vid is not enough for 2day text back the keyword PICSFREE1 to get the next video.,0.5696891683788644,spam,0.7052591657428212,spam,fit-all-train,5,0.38325549696311484,H0628,0.19643814380310098,T2307|H0628|H0377|T2521|H0557,spam|ham|spam|spam|ham,0.2146|0.1964|0.1959|0.1949|0.1798,False,False,False,0,0.6374741670608428,0.3625258329391572,ham,False,0.1374741670608428,0.7665109939262297,1.0316560634488063
T4057,train,5069,spam,83039 62735=£450 UK Break AccommodationVouchers terms & conditions apply. 2 claim you mustprovide your claim number which is 15541 ,0.6239826606035225,spam,0.6750137086156256,spam,5-fold-oof,5,0.5882860873600637,T4428,0.245701497046388,T4428|T0433|T0996|H0625|T0788,ham|spam|spam|ham|ham,0.2457|0.2213|0.2133|0.1968|0.1785,False,False,False,0,0.649498184609574,0.350501815390426,ham,False,0.14949818460957398,0.8234278252798726,1.0303747608928011
T0141,train,166,spam,"BangBabes Ur order is on the way. U SHOULD receive a Service Msg 2 download UR content. If U do not, GoTo wap. bangb. tv on UR mobile internet/service menu",0.5596770574911354,spam,0.732493715342435,spam,5-fold-oof,5,0.35851846057808245,T1304,0.24437698894683824,T3591|T1363|T0712|T1304|T0547,spam|spam|spam|ham|ham,0.3134|0.2728|0.2695|0.2444|0.2338,False,False,False,0,0.6460853864167853,0.35391461358321474,ham,False,0.14608538641678526,0.7170369211561649,0.9946439956288955
T3526,train,4395,spam,RECPT 1/3. You have ordered a Ringtone. Your order is being processed...,0.4765796220261895,ham,0.3619676248524775,ham,5-fold-oof,5,0.19275630752243345,T2484,0.207145401880672,H0451|T1780|H0065|H0632|T2484,spam|spam|spam|spam|ham,0.2193|0.2183|0.2160|0.2140|0.2071,True,True,False,2,0.4192736234393335,0.5807263765606665,ham,False,0.0807263765606665,0.3855126150448669,0.9927522928966137
H0903,heldout,4544,spam,FreeMsg Hi baby wow just got a new cam moby. Wanna C a hot pic? or Fancy a chat?Im w8in 4uTxt / rply CHAT to 82242 Hlp 08712317606 Msg150p 2rcv,0.468000090610797,ham,0.9461596216659224,spam,fit-all-train,5,0.0,,0.0,H0318|T2177|H0377|T2466|T2259,spam|spam|spam|spam|spam,0.6595|0.1563|0.1397|0.1364|0.1243,True,False,False,1,0.7070798561383597,0.29292014386164034,ham,True,0.20707985613835966,0.0,0.9858402877232807
T2796,train,3464,spam,Bloomberg -Message center +447797706009 Why wait? Apply for your future http://careers. bloomberg.com,0.6996659150170919,spam,0.6504119801122005,spam,5-fold-oof,5,0.4128793347387579,T1946,0.14447387024286895,T1946|H0210|T0422|T3117|T3123,ham|spam|spam|ham|spam,0.1445|0.1367|0.1218|0.1213|0.1195,False,False,False,0,0.6750389475646461,0.3249610524353539,ham,False,0.1750389475646461,0.8257586694775157,0.9802255726617142
T3701,train,4617,spam,Sunshine Quiz! Win a super Sony DVD recorder if you canname the capital of Australia? Text MQUIZ to 82277. B,0.4898869093896881,ham,0.4765814461728753,ham,5-fold-oof,5,0.0,,0.0,T0115|T1357|H0515|H0170|T3265,spam|spam|spam|spam|spam,0.3967|0.3967|0.3695|0.3695|0.1647,True,True,False,2,0.4832341777812817,0.5167658222187184,ham,False,0.016765822218718307,0.0,0.9664683555625634
T1660,train,2072,spam,Sexy Singles are waiting for you! Text your AGE followed by your GENDER as wither M or F E.G.23F. For gay men text your AGE followed by a G. e.g.23G.,0.6905818862227182,spam,0.7060378888288922,spam,5-fold-oof,5,0.578161660296485,H0836,0.2429517487719972,T2758|T0192|H0836|T3850|T0470,spam|spam|ham|ham|ham,0.2763|0.2462|0.2430|0.2369|0.2364,False,False,False,0,0.6983098875258051,0.30169011247419486,ham,False,0.19830988752580514,0.8436766794070301,0.9408508967112017
T0277,train,334,spam,Call Germany for only 1 pence per minute! Call from a fixed line via access number 0844 861 85 85. No prepayment. Direct access!,0.6107075100641409,spam,0.5663799153184487,spam,5-fold-oof,5,0.13786467681490647,T2089,0.2371052627243202,T4166|T2089|T4390|T2425|T3963,spam|ham|spam|spam|spam,0.8922|0.2371|0.2308|0.1865|0.1733,False,False,False,0,0.5885437126912948,0.4114562873087052,ham,False,0.0885437126912948,0.2757293536298129,0.9332043160693355
T4305,train,5384,spam,You have 1 new message. Call 0207-083-6089,0.8205585226687718,spam,0.5128978007428536,spam,5-fold-oof,5,0.33252811915630887,H0779,0.36545354176342104,T2363|T4088|T1834|H0779|H0461,spam|spam|spam|ham|ham,0.5016|0.4936|0.4639|0.3655|0.3615,False,False,False,0,0.6667281617058127,0.3332718382941873,ham,False,0.16672816170581273,0.6650562383126177,0.9325661719134217
H0949,heldout,4774,ham,"Hi, Mobile no.  &lt;#&gt;  has added you in their contact list on www.fullonsms.com It s a great place to send free sms to people For more visit fullonsms.com",0.4436901501216532,ham,0.4809772900161014,ham,fit-all-train,5,0.0,,0.0,H0754|H0763|T3791|T0922|T0338,ham|ham|ham|ham|ham,0.4350|0.4350|0.3328|0.2310|0.2310,False,False,False,0,0.4623337200688773,0.4623337200688773,spam,False,0.037666279931122704,0.0,0.9246674401377546
H0475,heldout,2380,ham,"Hi, Mobile no.  &lt;#&gt;  has added you in their contact list on www.fullonsms.com It s a great place to send free sms to people For more visit fullonsms.com",0.4436901501216532,ham,0.4809772900161014,ham,fit-all-train,5,0.0,,0.0,H0754|H0763|T3791|T0922|T0338,ham|ham|ham|ham|ham,0.4350|0.4350|0.3328|0.2310|0.2310,False,False,False,0,0.4623337200688773,0.4623337200688773,spam,False,0.037666279931122704,0.0,0.9246674401377546
H0165,heldout,857,spam,Talk sexy!! Make new friends or fall in love in the worlds most discreet text dating service. Just text VIP to 83110 and see who you could meet.,0.7434376264877377,spam,0.6412923801561431,spam,fit-all-train,5,0.3838336955507454,T2127,0.1766808056504412,T3948|H1044|T2127|T1363|T2538,spam|spam|ham|spam|ham,0.2081|0.1801|0.1767|0.1743|0.1737,False,False,False,0,0.6923650033219404,0.3076349966780596,ham,False,0.1923650033219404,0.7676673911014908,0.9223369497967155
T3026,train,3756,spam,Bloomberg -Message center +447797706009 Why wait? Apply for your future http://careers. bloomberg.com,0.7049821310355527,spam,0.7083732929260316,spam,5-fold-oof,5,0.4128793347387579,T1946,0.14447387024286895,T1946|H0210|T0422|T3117|T3123,ham|spam|spam|ham|spam,0.1445|0.1367|0.1218|0.1213|0.1195,False,False,False,0,0.7066777119807921,0.2933222880192079,ham,False,0.2066777119807921,0.8257586694775157,0.9169480438294222
T3979,train,4966,spam,Dear Voucher holder Have your next meal on us. Use the following link on your pc 2 enjoy a 2 4 1 dining experiencehttp://www.vouch4me.com/etlp/dining.asp,0.3882982226357322,ham,0.3990486043639616,ham,5-fold-oof,5,0.16150348582228075,H0836,0.235616339788155,T3351|T2555|T0520|H0160|H0836,spam|spam|spam|spam|ham,0.3433|0.3154|0.2921|0.2725|0.2356,True,True,False,2,0.3936734134998469,0.606326586500153,ham,False,0.10632658650015309,0.3230069716445615,0.9165496156575185
T3096,train,3849,spam,"Fantasy Football is back on your TV. Go to Sky Gamestar on Sky Active and play £250k Dream Team. Scoring starts on Saturday, so register now!SKY OPT OUT to 88088",0.515257137887923,spam,0.5767154196113283,spam,5-fold-oof,5,1.0,H0699,0.18743463317809472,H0699|T3403|H0819|T3349|T3208,ham|ham|ham|ham|ham,0.1874|0.1694|0.1567|0.1560|0.1546,False,False,False,0,0.5459862787496257,0.4540137212503743,ham,False,0.045986278749625686,0.0,0.9080274425007486
T0192,train,228,spam,"Will u meet ur dream partner soon? Is ur career off 2 a flyng start? 2 find out free, txt HORO followed by ur star sign, e. g. HORO ARIES",0.403331087830128,ham,0.2958965757701645,ham,5-fold-oof,5,0.7408021484876014,H0836,0.1931412623944495,T1660|H0836|T3549|T3850|T1509,spam|ham|ham|ham|ham,0.2462|0.1931|0.1851|0.1692|0.1562,True,True,False,2,0.34961383180014627,0.6503861681998537,ham,False,0.15038616819985373,0.5183957030247972,0.9065859448102114
H0243,heldout,1275,spam,network operator. The service is free. For T & C's visit 80488.biz,0.6061878154455794,spam,0.6638555589374101,spam,fit-all-train,5,0.19502837910084214,T3995,0.2108705563465152,T1199|T3995|T0119|T1573|T3379,spam|ham|spam|spam|spam,0.3075|0.2109|0.1921|0.1885|0.1823,False,False,False,0,0.6350216871914948,0.36497831280850523,ham,False,0.13502168719149477,0.3900567582016843,0.8859793288976842
T3934,train,4915,spam,"Goal! Arsenal 4 (Henry, 7 v Liverpool 2 Henry scores with a simple shot from 6 yards from a pass by Bergkamp to give Arsenal a 2 goal margin after 78 mins.",0.3415396193480607,ham,0.2074203435780741,ham,5-fold-oof,5,0.4211895862208231,T0343,0.21506763301637855,T1149|T0343|T1405|H0515|H0170,spam|ham|ham|spam|spam,0.2499|0.2151|0.1339|0.1148|0.1148,True,True,False,2,0.2744799814630674,0.7255200185369326,ham,False,0.2255200185369326,0.8423791724416462,0.8859116319027933
T1064,train,1319,spam,"Win the newest “Harry Potter and the Order of the Phoenix (Book 5) reply HARRY, answer 5 questions - chance to be the first among readers!",0.5867875521853776,spam,0.667959811155183,spam,5-fold-oof,5,0.8282315123568454,T0114,0.36775716051299434,T0114|H0117|H0749|H0395|T1073,ham|ham|ham|ham|spam,0.3678|0.2143|0.2143|0.2143|0.2096,False,False,True,1,0.6273736816702803,0.3726263183297197,ham,False,0.1273736816702803,0.3435369752863091,0.882667426773963
T1073,train,1329,spam,Ur balance is now £500. Ur next question is: Who sang 'Uptown Girl' in the 80's ? 2 answer txt ur ANSWER to 83600. Good luck!,0.7049392241243794,spam,0.5940618771036101,spam,5-fold-oof,5,0.7739418833545944,T0114,0.4149229131201102,T0114|T3511|H0749|H0117|H0395,ham|spam|ham|ham|ham,0.4149|0.4095|0.3290|0.3290|0.3290,False,False,True,1,0.6495005506139948,0.3504994493860052,ham,False,0.1495005506139948,0.4521162332908113,0.8818453920883349
T0006,train,6,spam,"FreeMsg Hey there darling it's been 3 week's now and no word back! I'd like some fun you up for it still? Tb ok! XxX std chgs to send, £1.50 to rcv",0.2161057151537487,ham,0.3308907838397325,ham,5-fold-oof,5,0.5881960144188767,T1593,0.17344180693599986,T3105|T1593|T3550|H0377|H0646,spam|ham|ham|spam|ham,0.1890|0.1734|0.1705|0.1687|0.1670,True,True,False,2,0.2734982494967406,0.7265017505032594,ham,False,0.22650175050325938,0.8236079711622466,0.87643968745838
H0377,heldout,1896,spam,"FreeMsg Hey U, i just got 1 of these video/pic fones, reply WILD to this txt & ill send U my pics, hurry up Im so bored at work xxx (18 150p/rcvd STOP2stop)",0.5687003642795431,spam,0.8695447759851523,spam,fit-all-train,5,0.3922931777955904,H0649,0.1935522009370152,T2177|H0509|H0649|T2259|H0719,spam|spam|ham|spam|ham,0.1985|0.1959|0.1936|0.1899|0.1836,False,False,False,0,0.7191225701323477,0.2808774298676523,ham,False,0.2191225701323477,0.7845863555911808,0.8755894019717769
T0848,train,1049,spam,"1000's flirting NOW! Txt GIRL or BLOKE & ur NAME & AGE, eg GIRL ZOE 18 to 8007 to join and get chatting!",0.8135392980004772,spam,0.6415976955328933,spam,5-fold-oof,5,0.5946968444306878,T1459,0.23629045423670558,T1459|H0039|T1716|T3948|T1683,ham|spam|ham|spam|ham,0.2363|0.2321|0.1998|0.1986|0.1957,False,False,False,0,0.7275684967666852,0.2724315032333148,ham,False,0.22756849676668522,0.8106063111386244,0.8691055309220793
T3380,train,4201,spam,"cmon babe, make me horny, *turn* me on! Txt me your fantasy now babe -) Im hot, sticky and need you now. All replies cost £1.50. 2 cancel send STOP",0.5732212717838656,spam,0.7101402321027139,spam,5-fold-oof,5,0.8201085641649589,T2615,0.24309234644361377,T2615|H0705|T0820|T0693|H0900,ham|ham|ham|ham|spam,0.2431|0.2354|0.2050|0.1923|0.1921,False,False,False,0,0.6416807519432898,0.3583192480567102,ham,False,0.14168075194328977,0.35978287167008216,0.8605516447814533
T1557,train,1941,spam,More people are dogging in your area now. Call 09090204448 and join like minded guys. Why not arrange 1 yourself. There's 1 this evening. A£1.50 minAPN LS278BB,0.324138819508355,ham,0.230240151576463,ham,5-fold-oof,5,0.6180000564557876,T0363,0.20339082356754057,T0363|T2947|T2943|T3109|T2144,ham|ham|spam|ham|spam,0.2034|0.1936|0.1832|0.1719|0.1685,True,True,False,2,0.27718948554240896,0.722810514457591,ham,False,0.22281051445759104,0.7639998870884248,0.8599789259201879
T3631,train,4528,spam,"I want some cock! My hubby's away, I need a real man 2 satisfy me. Txt WIFE to 89938 for no strings action. (Txt STOP 2 end, txt rec £1.50ea. OTBox 731 LA1 7WS. )",0.6215000767618988,spam,0.6588901119359296,spam,5-fold-oof,5,0.17174349010354525,H0708,0.1278010759777206,T1717|T2226|T0006|T3380|H0708,spam|spam|spam|spam|ham,0.1875|0.1489|0.1427|0.1372|0.1278,False,False,False,0,0.6401950943489142,0.3598049056510858,ham,False,0.1401950943489142,0.34348698020709056,0.8570046033850078
T0020,train,20,spam,"England v Macedonia - dont miss the goals/team news. Txt ur national team to 87077 eg ENGLAND to 87077 Try:WALES, SCOTLAND 4txt/ú1.20 POBOXox36504W45WQ 16+",0.5438913513504077,spam,0.5997500873438383,spam,5-fold-oof,5,0.0,,0.0,T3277|T0346|T2281|T1729|H0214,spam|spam|spam|spam|spam,0.3284|0.2703|0.2675|0.2534|0.2159,False,False,False,0,0.571820719347123,0.428179280652877,ham,False,0.07182071934712297,0.0,0.856358561305754
T2882,train,3575,spam,You won't believe it but it's true. It's Incredible Txts! Reply G now to learn truly amazing things that will blow your mind. From O2FWD only 18p/txt,0.6051724740411533,spam,0.5389340889906343,spam,5-fold-oof,5,1.0,T4135,0.2197581176922465,T4135|T4175|H0050|T1659|T3550,ham|ham|ham|ham|ham,0.2198|0.2096|0.1768|0.1767|0.1740,False,False,False,0,0.5720532815158939,0.42794671848410615,ham,False,0.07205328151589385,0.0,0.8558934369682123
T1894,train,2365,spam,"Fantasy Football is back on your TV. Go to Sky Gamestar on Sky Active and play £250k Dream Team. Scoring starts on Saturday, so register now!SKY OPT OUT to 88088",0.5735636821724781,spam,0.5754953213564681,spam,5-fold-oof,5,1.0,H0699,0.18743463317809472,H0699|T3403|H0819|T3349|T3208,ham|ham|ham|ham|ham,0.1874|0.1694|0.1567|0.1560|0.1546,False,False,False,0,0.5745295017644731,0.42547049823552685,ham,False,0.07452950176447315,0.0,0.8509409964710537
T0863,train,1065,spam,We have new local dates in your area - Lots of new people registered in YOUR AREA. Reply DATE to start now! 18 only www.flirtparty.us REPLYS150,0.6743414220906326,spam,0.8403715469553042,spam,5-fold-oof,5,0.45619570605027426,H0819,0.2943917272743011,H0819|T2177|T0746|T3539|H0039,ham|spam|ham|spam|spam,0.2944|0.2224|0.2054|0.1876|0.1859,False,False,False,0,0.7573564845229684,0.24264351547703156,ham,False,0.25735648452296844,0.9123914121005485,0.8502435957942825
T0496,train,608,spam,XCLUSIVE@CLUBSAISAI 2MOROW 28/5 SOIREE SPECIALE ZOUK WITH NICHOLS FROM PARIS.FREE ROSES 2 ALL LADIES !!! info: 07946746291/07880867867 ,0.4388085918434822,ham,0.386125099628237,ham,5-fold-oof,5,1.0,T1508,0.2804740072715012,T1508|T0851|T4188|T3740|T0447,ham|ham|ham|ham|ham,0.2805|0.1823|0.1729|0.1644|0.1346,True,True,False,2,0.41246684573585957,0.5875331542641404,ham,False,0.08753315426414043,0.0,0.8249336914717191
H1096,heldout,5469,spam,http//tms. widelive.com/index. wml?id=820554ad0a1705572711&first=true¡C C Ringtone¡,0.5094784922991018,spam,0.6656743400975397,spam,fit-all-train,5,0.0,,0.0,T3103|T3202|H0044|T3285|T0329,spam|spam|spam|spam|spam,0.7873|0.1356|0.1074|0.1043|0.0995,False,False,False,0,0.5875764161983208,0.4124235838016792,ham,False,0.0875764161983208,0.0,0.8248471676033584
T2307,train,2864,spam,Adult 18 Content Your video will be with you shortly,0.5840759973088738,spam,0.5914444892394477,spam,5-fold-oof,5,0.0,,0.0,T1224|T3233|T3963|H0509|T3591,spam|spam|spam|spam|spam,0.2749|0.2380|0.2257|0.2146|0.2096,False,False,False,0,0.5877602432741608,0.41223975672583923,ham,False,0.08776024327416077,0.0,0.8244795134516785
T3926,train,4907,spam,Warner Village 83118 C Colin Farrell in SWAT this wkend @Warner Village & get 1 free med. Popcorn!Just show msg+ticket@kiosk.Valid 4-7/12. C t&c @kiosk. Reply SONY 4 mre film offers,0.2971659134430167,ham,0.3750393357306731,ham,5-fold-oof,5,0.8145206211184682,T1544,0.20115790611977158,T1544|H0095|T4110|T4455|T2431,ham|ham|ham|spam|ham,0.2012|0.1796|0.1591|0.1529|0.1317,True,True,False,2,0.3361026245868449,0.6638973754131551,ham,False,0.16389737541315508,0.37095875776306353,0.8205887522789153
T3420,train,4250,spam,"accordingly. I repeat, just text the word ok on your mobile phone and send",0.7273169662862482,spam,0.5828173217397532,spam,5-fold-oof,5,0.8368357990709655,T1544,0.3680561213257052,T1544|H0133|T2798|T2235|T1310,ham|ham|ham|ham|spam,0.3681|0.2378|0.2324|0.2032|0.2030,False,False,True,1,0.6550671440130007,0.3449328559869993,ham,False,0.1550671440130007,0.326328401858069,0.8203970727172262
T1345,train,1673,ham,Glad to see your reply.,0.3700010339097188,ham,0.4409254349500225,ham,5-fold-oof,5,0.0,,0.0,T3697|T0601|T0130|H0836|T0735,ham|ham|ham|ham|ham,0.4059|0.3654|0.2611|0.2547|0.2526,False,False,False,0,0.40546323442987064,0.40546323442987064,spam,False,0.09453676557012936,0.0,0.8109264688597413
T3591,train,4474,spam,3. You have received your mobile content. Enjoy,0.7580911699870504,spam,0.7585036532129474,spam,5-fold-oof,5,0.591867870013665,T0547,0.3307693400442857,T0547|T0141|T0712|H0294|T2036,ham|spam|spam|ham|ham,0.3308|0.3134|0.2956|0.2822|0.2702,False,False,False,0,0.758297411599999,0.24170258840000103,ham,False,0.25829741159999897,0.8162642599726699,0.80991088078907
T1573,train,1964,spam,it to 80488. Your 500 free text messages are valid until 31 December 2005.,0.5449008100841103,spam,0.7678672854789624,spam,5-fold-oof,5,0.14813621620361359,T2711,0.19859490626719456,T1199|T1310|T0398|T2670|T2711,spam|spam|spam|spam|ham,0.3374|0.3203|0.2422|0.2422|0.1986,False,False,False,0,0.6563840477815364,0.34361595221846364,ham,False,0.15638404778153636,0.2962724324072272,0.8057408773998181
H1090,heldout,5430,spam,Santa Calling! Would your little ones like a call from Santa Xmas eve? Call 09058094583 to book your time.,0.66761582232018,spam,0.6445753640047786,spam,fit-all-train,5,0.13969777630851057,T0602,0.21155249774921114,T3844|T1902|T0602|H0988|T2737,spam|spam|ham|spam|spam,0.7041|0.2303|0.2116|0.1886|0.1798,False,False,False,0,0.6560955931624792,0.34390440683752077,ham,False,0.15609559316247923,0.2793955526170211,0.79956703472185
T2490,train,3093,spam,LORD OF THE RINGS:RETURN OF THE KING in store NOW!REPLY LOTR by 2 June 4 Chance 2 WIN LOTR soundtrack CDs StdTxtRate. Reply STOP to end txts,0.7735065689557344,spam,0.753741916907462,spam,5-fold-oof,5,0.4078487349790486,T1187,0.18676769541764282,T3542|T1187|T1584|T0692|T2894,spam|ham|spam|ham|spam,0.1879|0.1868|0.1583|0.1555|0.1507,False,False,False,0,0.7636242429315983,0.23637575706840175,ham,False,0.26362424293159825,0.8156974699580972,0.7990305021200423
T2420,train,3010,spam,"Loan for any purpose £500 - £75,000. Homeowners + Tenants welcome. Have you been previously refused? We can still help. Call Free 0800 1956669 or text back 'help'",0.733257298615481,spam,0.7673668480505562,spam,5-fold-oof,5,0.3538507738355007,H0582,0.13956175679125327,T3179|H0801|H0582|H0267|H1081,spam|spam|ham|ham|ham,0.3693|0.3364|0.1396|0.1241|0.1228,False,False,False,0,0.7503120733330186,0.24968792666698136,ham,False,0.25031207333301864,0.7077015476710014,0.7824564724023633
H0939,heldout,4726,spam,"FREE GAME. Get Rayman Golf 4 FREE from the O2 Games Arcade. 1st get UR games settings. Reply POST, then save & activ8. Press 0 key for Arcade. Termsapply",0.583408527517636,spam,0.7248545540144382,spam,fit-all-train,5,0.11325274134348243,H0595,0.16867315945820283,T3796|T1427|T1246|T1850|H0595,spam|spam|spam|spam|ham,0.4410|0.4410|0.2229|0.2158|0.1687,False,False,False,0,0.6541315407660371,0.3458684592339629,ham,False,0.15413154076603708,0.2265054826869648,0.7823391115427117
T3542,train,4411,spam,"For your chance to WIN a FREE Bluetooth Headset then simply reply back with ""ADP""",0.8641533551324957,spam,0.6705081722851463,spam,5-fold-oof,5,0.6038307785758705,T2350,0.256927239097982,T2350|T0815|T1213|T3058|T1632,ham|spam|spam|ham|ham,0.2569|0.2264|0.1987|0.1984|0.1926,False,False,False,0,0.7673307637088209,0.23266923629117908,ham,False,0.2673307637088209,0.7923384428482589,0.7822738497216617
T1518,train,1894,spam,CALL 09090900040 & LISTEN TO EXTREME DIRTY LIVE CHAT GOING ON IN THE OFFICE RIGHT NOW TOTAL PRIVACY NO ONE KNOWS YOUR [sic] LISTENING 60P MIN 24/7MP 0870753331018+,0.3277733314192243,ham,0.45121288392804,ham,5-fold-oof,5,1.0,H0844,0.1995198953703412,H0844|T1481|T1856|T4032|T3650,ham|ham|ham|ham|ham,0.1995|0.1869|0.1730|0.1698|0.1666,True,True,False,2,0.38949310767363216,0.6105068923263679,ham,False,0.11050689232636784,0.0,0.7789862153472643
T0374,train,456,spam,"Loan for any purpose £500 - £75,000. Homeowners + Tenants welcome. Have you been previously refused? We can still help. Call Free 0800 1956669 or text back 'help'",0.7351994512335329,spam,0.7735701628527792,spam,5-fold-oof,5,0.3538507738355007,H0582,0.13956175679125327,T3179|H0801|H0582|H0267|H1081,spam|spam|ham|ham|ham,0.3693|0.3364|0.1396|0.1241|0.1228,False,False,False,0,0.754384807043156,0.24561519295684398,ham,False,0.254384807043156,0.7077015476710014,0.7743110049820885
T2466,train,3065,spam,"Hi babe its Jordan, how r u? Im home from abroad and lonely, text me back if u wanna chat xxSP visionsms.com Text stop to stopCost 150p 08712400603",0.743186539420742,spam,0.8627457540852885,spam,5-fold-oof,5,0.5266722343092722,T0063,0.23993780974283418,H0927|T0063|H0949|H0475|T2183,spam|ham|ham|ham|spam,0.3898|0.2399|0.1964|0.1964|0.1789,False,False,False,0,0.8029661467530153,0.19703385324698475,ham,False,0.30296614675301525,0.9466555313814555,0.7727299190465517
T2172,train,2700,spam,FROM 88066 LOST £12 HELP,0.1655518019784666,ham,0.2086466758663408,ham,5-fold-oof,5,0.48141768032360926,T0929,0.23113099091217038,T1811|T0929|T1367|T2614|T3498,spam|ham|ham|ham|ham,0.8677|0.2311|0.2073|0.1836|0.1836,True,True,False,2,0.1870992389224037,0.8129007610775962,ham,False,0.3129007610775963,0.9628353606472185,0.7593326221036949
T0404,train,496,ham,Are you free now?can i call now?,0.4412049854957894,ham,0.314912266260244,ham,5-fold-oof,5,0.0,,0.0,T1476|T4273|T2526|H0582|T1418,ham|ham|ham|ham|ham,0.4734|0.4466|0.4432|0.4151|0.3900,False,False,False,0,0.3780586258780167,0.3780586258780167,spam,False,0.1219413741219833,0.0,0.7561172517560334
T3390,train,4214,spam,Missed call alert. These numbers called but left no message. 07008009200,0.1720673682508363,ham,0.2842368985574349,ham,5-fold-oof,5,0.6294117748226936,T2698,0.3582684473174895,T2698|T4305|T0971|T2363|T1590,ham|spam|ham|spam|ham,0.3583|0.2528|0.2300|0.2244|0.2222,True,True,True,3,0.2281521334041356,0.7718478665958644,ham,False,0.2718478665958644,0.7411764503546128,0.7527748469501163
T2821,train,3497,spam,"Wan2 win a Meet+Greet with Westlife 4 U or a m8? They are currently on what tour? 1)Unbreakable, 2)Untamed, 3)Unkempt. Text 1,2 or 3 to 83049. Cost 50p +std text",0.8455507760032848,spam,0.6990670843336666,spam,5-fold-oof,5,0.6328063289627703,T1142,0.14162334375581953,T1142|T1542|T2365|T3546|H0165,ham|ham|spam|ham|spam,0.1416|0.1048|0.1042|0.1004|0.0971,False,False,False,0,0.7723089301684757,0.22769106983152432,ham,False,0.2723089301684757,0.7343873420744593,0.7491370764928325
T1429,train,1781,spam,"Loan for any purpose £500 - £75,000. Homeowners + Tenants welcome. Have you been previously refused? We can still help. Call Free 0800 1956669 or text back 'help'",0.7480443632850542,spam,0.7864959211859965,spam,5-fold-oof,5,0.3538507738355007,H0582,0.13956175679125327,T3179|H0801|H0582|H0267|H1081,spam|spam|ham|ham|ham,0.3693|0.3364|0.1396|0.1241|0.1228,False,False,False,0,0.7672701422355254,0.23272985776447463,ham,False,0.26727014223552537,0.7077015476710014,0.7485403345973498
T1164,train,1450,spam,As a registered optin subscriber ur draw 4 £100 gift voucher will be entered on receipt of a correct ans to 80062 Whats No1 in the BBC charts,0.5876162109812373,spam,0.7695707850990476,spam,5-fold-oof,5,0.11755891229194522,H0819,0.29543074008184655,T1288|T0891|T3539|H0819|H1063,spam|spam|spam|ham|spam,0.8035|0.6557|0.5481|0.2954|0.2103,False,False,False,0,0.6785934980401425,0.32140650195985754,ham,False,0.17859349804014246,0.2351178245838904,0.7368601337532712
T3895,train,4863,ham,Nokia phone is lovly..,0.2022884984406527,ham,0.1446351073166915,ham,5-fold-oof,5,0.5127430661557782,H0611,0.27547969973237585,T2798|H0611|H1036|T1729|T2411,ham|spam|spam|spam|ham,0.4947|0.2755|0.2543|0.2388|0.2357,False,False,False,0,0.17346180287867208,0.17346180287867208,spam,False,0.3265381971213279,0.9745138676884435,0.7367291528327216
T3749,train,4674,spam,"Customer service announcement. We recently tried to make a delivery to you but were unable to do so, please call 07099833605 to re-schedule. Ref:9280114",0.5956024661115495,spam,0.681677643704358,spam,5-fold-oof,5,0.0,,0.0,T2937|T0135|T0610|T3143|T0489,spam|spam|spam|spam|spam,0.9033|0.4210|0.3528|0.3497|0.3497,False,False,False,0,0.6386400549079538,0.36135994509204616,ham,False,0.13864005490795384,0.0,0.7227198901840923
T3844,train,4799,spam,Santa calling! Would your little ones like a call from Santa Xmas Eve? Call 09077818151 to book you time. Calls1.50ppm last 3mins 30s T&C www.santacalling.com,0.7628857640342789,spam,0.8155657892286247,spam,5-fold-oof,5,0.3726475833674817,H0058,0.17377709731827962,H1090|H0058|T0602|T1978|T0356,spam|ham|ham|ham|spam,0.7041|0.1738|0.1679|0.1670|0.1523,False,False,False,0,0.7892257766314518,0.21077422336854823,ham,False,0.28922577663145177,0.7452951667349634,0.7196665134310818
T3229,train,4012,spam,"Wan2 win a Meet+Greet with Westlife 4 U or a m8? They are currently on what tour? 1)Unbreakable, 2)Untamed, 3)Unkempt. Text 1,2 or 3 to 83049. Cost 50p +std text",0.8850145678354917,spam,0.6968488943970311,spam,5-fold-oof,5,0.6328063289627703,T1142,0.14162334375581953,T1142|T1542|T2365|T3546|H0165,ham|ham|spam|ham|spam,0.1416|0.1048|0.1042|0.1004|0.0971,False,False,False,0,0.7909317311162614,0.20906826888373864,ham,False,0.29093173111626136,0.7343873420744593,0.7118914745972611
T2421,train,3011,spam,Update_Now - 12Mths Half Price Orange line rental: 400mins...Call MobileUpd8 on 08000839402 or call2optout=J5Q,0.5577399326932186,spam,0.7407316041618036,spam,5-fold-oof,5,0.0,,0.0,T0304|T2328|H0268|H1010|H0469,spam|spam|spam|spam|spam,0.5031|0.4899|0.4675|0.4675|0.4378,False,False,False,0,0.6492357684275112,0.3507642315724888,ham,False,0.14923576842751118,0.0,0.7015284631449776
H0015,heldout,96,spam,"Your free ringtone is waiting to be collected. Simply text the password ""MIX"" to 85069 to verify. Get Usher and Britney. FML, PO Box 5249, MK17 92H. 450Ppw 16",0.8528417988787836,spam,0.809888915658245,spam,fit-all-train,5,0.4434213818608899,T2235,0.2577352247841658,T2235|H0981|T3419|T2350|H0330,ham|spam|spam|ham|spam,0.2577|0.1877|0.1758|0.1484|0.1462,False,False,False,0,0.8313653572685142,0.16863464273148576,ham,False,0.33136535726851424,0.8868427637217798,0.6920063909516835
H0171,heldout,901,spam,"Your free ringtone is waiting to be collected. Simply text the password ""MIX"" to 85069 to verify. Get Usher and Britney. FML, PO Box 5249, MK17 92H. 450Ppw 16",0.8528417988787836,spam,0.809888915658245,spam,fit-all-train,5,0.4434213818608899,T2235,0.2577352247841658,T2235|H0981|T3419|T2350|H0330,ham|spam|spam|ham|spam,0.2577|0.1877|0.1758|0.1484|0.1462,False,False,False,0,0.8313653572685142,0.16863464273148576,ham,False,0.33136535726851424,0.8868427637217798,0.6920063909516835
T0567,train,701,ham,K..u also dont msg or reply to his msg..,0.4905732333388678,ham,0.2009876523385004,ham,5-fold-oof,5,0.0,,0.0,T2497|T0595|H0242|H0925|H0870,ham|ham|ham|ham|ham,0.3190|0.2267|0.1995|0.1923|0.1886,False,False,False,0,0.34578044283868414,0.34578044283868414,spam,False,0.15421955716131586,0.0,0.6915608856773683
T2281,train,2831,spam,Send a logo 2 ur lover - 2 names joined by a heart. Txt LOVE NAME1 NAME2 MOBNO eg LOVE ADAM EVE 07123456789 to 87077 Yahoo! POBox36504W45WQ TxtNO 4 no ads 150p.,0.5913749630375702,spam,0.7172877612902528,spam,5-fold-oof,5,0.0,,0.0,T0346|T0020|H0214|T3277|T1729,spam|spam|spam|spam|spam,0.9817|0.2675|0.2225|0.2082|0.2011,False,False,False,0,0.6543313621639115,0.3456686378360885,ham,False,0.15433136216391152,0.0,0.691337275672177
T2937,train,3640,spam,"Customer service announcement. We recently tried to make a delivery to you but were unable to do so, please call 07090298926 to re-schedule. Ref:9307622",0.5922021129356492,spam,0.7253935544385758,spam,5-fold-oof,5,0.0,,0.0,T3749|T0135|T0610|T3143|T0489,spam|spam|spam|spam|spam,0.9033|0.4140|0.3469|0.3438|0.3438,False,False,False,0,0.6587978336871125,0.34120216631288747,ham,False,0.15879783368711253,0.0,0.6824043326257749
T2510,train,3119,ham,Now am free call me pa.,0.2311845294778463,ham,0.4498417528855142,ham,5-fold-oof,5,0.0,,0.0,H0582|T2334|T0404|T3950|T0444,ham|ham|ham|ham|ham,0.5583|0.3635|0.3466|0.3450|0.3297,False,False,False,0,0.34051314118168025,0.34051314118168025,spam,False,0.15948685881831975,0.0,0.6810262823633605
T0547,train,671,ham,Did u receive my msg?,0.1231029721596742,ham,0.1881774496310191,ham,5-fold-oof,5,0.543629048711009,T3591,0.3307693400442857,H0294|T3591|T3248|T4193|T3707,ham|spam|spam|spam|ham,0.4973|0.3308|0.3144|0.3144|0.3084,False,False,False,0,0.15564021089534663,0.15564021089534663,spam,False,0.34435978910465337,0.9127419025779819,0.6763771828218861
T1811,train,2270,spam,88066 FROM 88066 LOST 3POUND HELP,0.1725139210351836,ham,0.1731591000574824,ham,5-fold-oof,5,0.40572376521540576,T0929,0.1699792604724223,T2172|T0929|T1367|T3498|T1510,spam|ham|ham|ham|ham,0.8677|0.1700|0.1524|0.1350|0.1350,True,True,False,2,0.17283651054633298,0.827163489453667,ham,False,0.327163489453667,0.8114475304308115,0.6702520332649906
T3864,train,4822,spam,Check Out Choose Your Babe Videos @ sms.shsex.netUN fgkslpoPW fgkslpo,0.1949886685327302,ham,0.1816115039108249,ham,5-fold-oof,5,0.6378561108156349,T0693,0.23856290227226729,T0693|T0503|T3807|T0255|H0891,ham|ham|ham|spam|spam,0.2386|0.1714|0.1673|0.1644|0.1634,True,True,False,2,0.18830008622177755,0.8116999137782225,ham,False,0.3116999137782225,0.7242877783687303,0.6663152837910471
T0346,train,421,spam,Send a logo 2 ur lover - 2 names joined by a heart. Txt LOVE NAME1 NAME2 MOBNO eg LOVE ADAM EVE 07123456789 to 87077 Yahoo! POBox36504W45WQ TxtNO 4 no ads 150p,0.5913749630375702,spam,0.742356836180538,spam,5-fold-oof,5,0.0,,0.0,T2281|T0020|H0214|T3277|T1729,spam|spam|spam|spam|spam,0.9817|0.2703|0.2248|0.2104|0.2032,False,False,False,0,0.6668658996090542,0.3331341003909458,ham,False,0.16686589960905418,0.0,0.6662682007818916
T2365,train,2946,spam,We currently have a message awaiting your collection. To collect your message just call 08718723815.,0.7806569474991509,spam,0.9065772374959532,spam,5-fold-oof,5,0.4397287649058405,T3117,0.35220522551845534,T3117|H0461|T1834|T3843|T1995,ham|ham|spam|spam|spam,0.3522|0.3399|0.3105|0.2902|0.2811,False,False,False,0,0.8436170924975521,0.15638290750244788,ham,False,0.3436170924975521,0.879457529811681,0.6645488269295682
H0889,heldout,4489,ham,Miss call miss call khelate kintu opponenter miss call dhorte lage. Thats d rule. One with great phone receiving quality wins.,0.4104406168381331,ham,0.2523235150402577,ham,fit-all-train,5,0.0,,0.0,T1405|T2798|T3636|T1389|T0439,ham|ham|ham|ham|ham,0.1940|0.1870|0.1852|0.1778|0.1772,False,False,False,0,0.3313820659391954,0.3313820659391954,spam,False,0.1686179340608046,0.0,0.6627641318783908
T3168,train,3943,spam,"Free Msg: get Gnarls Barkleys ""Crazy"" ringtone TOTALLY FREE just reply GO to this message right now!",0.8242697992724635,spam,0.8661036261836476,spam,5-fold-oof,5,0.5633445526129494,T3117,0.26398952714493207,T0550|H0044|T3117|H0387|H0347,spam|spam|ham|ham|ham,0.3046|0.2943|0.2640|0.2543|0.2543,False,False,False,0,0.8451867127280555,0.15481328727194454,ham,False,0.34518671272805546,0.8733108947741013,0.6589509324535296
T2296,train,2849,spam,"Free-message: Jamster!Get the crazy frog sound now! For poly text MAD1, for real text MAD2 to 88888. 6 crazy sounds for just 3 GBP/week! 16+only! T&C's apply",0.8653052965122194,spam,0.7808739230099856,spam,5-fold-oof,5,0.37883013055109893,T2496,0.24338913193588707,T4037|T1055|T2496|H0730|T3168,spam|spam|ham|ham|spam,0.2983|0.2650|0.2434|0.2123|0.1840,False,False,False,0,0.8230896097611025,0.17691039023889754,ham,False,0.32308960976110246,0.7576602611021979,0.6568848849186743
T1108,train,1375,spam,"Bears Pic Nick, and Tom, Pete and ... Dick. In fact, all types try gay chat with photo upload call 08718730666 (10p/min). 2 stop texts call 08712460324",0.5525485231276706,spam,0.7947356646303183,spam,5-fold-oof,5,0.0,,0.0,H0875|T1023|T3320|T0739|H0736,spam|spam|spam|spam|spam,0.7003|0.4779|0.3381|0.3367|0.3347,False,False,False,0,0.6736420938789944,0.32635790612100557,ham,False,0.17364209387899443,0.0,0.6527158122420111
T1051,train,1300,ham,Your daily text from me – a favour this time,0.2624524593882926,ham,0.3900356465825655,ham,5-fold-oof,5,0.0,,0.0,T0285|H0352|T3565|T3638|T3130,ham|ham|ham|ham|ham,0.2237|0.2225|0.2024|0.2016|0.1785,False,False,False,0,0.326244052985429,0.326244052985429,spam,False,0.17375594701457098,0.0,0.652488105970858
T4028,train,5031,spam,I'd like to tell you my deepest darkest fantasies. Call me 09094646631 just 60p/min. To stop texts call 08712460324 (nat rate),0.5121912389224875,spam,0.8447637687831252,spam,5-fold-oof,5,0.0,,0.0,T4290|H0736|T1023|H0875|T1108,spam|spam|spam|spam|spam,0.5857|0.4097|0.3572|0.2867|0.2826,False,False,False,0,0.6784775038528064,0.32152249614719364,ham,False,0.17847750385280636,0.0,0.6430449922943873
T0223,train,265,spam,Hey I am really horny want to chat or see me naked text hot to 69698 text charged at 150pm to unsubscribe text stop 69698,0.5489471382758918,spam,0.8097945861091956,spam,5-fold-oof,5,0.0,,0.0,T3539|T4270|H0065|T2894|T1943,spam|spam|spam|spam|spam,0.2904|0.2840|0.2472|0.2246|0.2212,False,False,False,0,0.6793708621925437,0.3206291378074563,ham,False,0.17937086219254372,0.0,0.6412582756149126
T4136,train,5170,ham,Oh did you charge camera,0.0650894673420499,ham,0.1936321277185608,ham,5-fold-oof,5,0.5484740570139576,H0644,0.2529216126214344,T1647|H0310|H0644|T3805|T2769,ham|ham|spam|spam|spam,0.3286|0.2915|0.2529|0.2501|0.2501,False,False,False,0,0.12936079753030535,0.12936079753030535,spam,False,0.3706392024696946,0.9030518859720849,0.6199423494494447
T3816,train,4761,spam,Thanks 4 your continued support Your question this week will enter u in2 our draw 4 £100 cash. Name the NEW US President? txt ans to 80082,0.9053794165718158,spam,0.7899221650716669,spam,5-fold-oof,5,0.6267674791185864,T3216,0.25865531370283645,T3216|T2099|T2097|T0629|T1288,ham|ham|spam|ham|spam,0.2587|0.2026|0.1978|0.1951|0.1931,False,False,False,0,0.8476507908217413,0.15234920917825867,ham,False,0.34765079082174133,0.7464650417628271,0.6032844350616482
H0873,heldout,4426,ham,Update your face book status frequently :),0.0992680014549376,ham,0.1365408192492037,ham,fit-all-train,5,0.549078566273042,T0010,0.2016228233315276,T0300|T3716|T0010|T3348|T4090,ham|ham|spam|spam|spam,0.2799|0.2094|0.2016|0.2016|0.1926,False,False,False,0,0.11790441035207064,0.11790441035207064,spam,False,0.38209558964792933,0.9018428674539161,0.5965459676857078
T3666,train,4572,spam,Wanna have a laugh? Try CHIT-CHAT on your mobile now! Logon by txting the word: CHAT and send it to No: 8883 CM PO Box 4217 London W1A 6ZF 16+ 118p/msg rcvd,0.8837360360237189,spam,0.8493815575588682,spam,5-fold-oof,5,0.39554295715924326,T1952,0.1621859032376496,T2881|T0598|T1952|T1732|H0214,spam|spam|ham|ham|spam,0.1655|0.1637|0.1622|0.1525|0.1517,False,False,False,0,0.8665587967912936,0.13344120320870645,ham,False,0.36655879679129355,0.7910859143184865,0.5833167721448076
T3400,train,4226,ham,Double eviction this week - Spiral and Michael and good riddance to them!,0.1043997440262575,ham,0.1646555056465545,ham,5-fold-oof,5,0.3872985531530268,T1149,0.18784557442873273,T1143|T1149|T0434|T1525|T2180,ham|spam|ham|ham|spam,0.2044|0.1878|0.1797|0.1782|0.1677,False,False,False,0,0.134527624836406,0.134527624836406,spam,False,0.365472375163594,0.7745971063060536,0.5788940921952335
T1441,train,1794,spam,"WIN: We have a winner! Mr. T. Foley won an iPod! More exciting prizes soon, so keep an eye on ur mobile or visit www.win-82050.co.uk",0.8992335423067492,spam,0.8449145243496503,spam,5-fold-oof,5,0.6004806451965562,H0949,0.1189348637686598,T1850|H0949|H0475|T3514|H0935,spam|ham|ham|spam|ham,0.1215|0.1189|0.1189|0.1086|0.1081,False,False,False,0,0.8720740333281998,0.12792596667180023,ham,False,0.37207403332819977,0.7990387096068876,0.5754674171863555
T3768,train,4702,spam,"WIN: We have a winner! Mr. T. Foley won an iPod! More exciting prizes soon, so keep an eye on ur mobile or visit www.win-82050.co.uk",0.9130311515896792,spam,0.8392600080587738,spam,5-fold-oof,5,0.6004806451965562,H0949,0.1189348637686598,T1850|H0949|H0475|T3514|H0935,spam|ham|ham|spam|ham,0.1215|0.1189|0.1189|0.1086|0.1081,False,False,False,0,0.8761455798242265,0.12385442017577353,ham,False,0.3761455798242265,0.7990387096068876,0.5673243241943021
H0836,heldout,4279,ham,I'm glad. You are following your dreams.,0.0984991721268992,ham,0.1124653273574747,ham,fit-all-train,5,0.5656266890760332,T2757,0.24853622787406926,T4207|T1345|T2757|T1660|T0057,ham|ham|spam|spam|spam,0.3059|0.2547|0.2485|0.2430|0.2385,False,False,False,0,0.10548224974218695,0.10548224974218695,spam,False,0.39451775025781305,0.8687466218479336,0.5584631482235474
T2235,train,2778,ham,Send me your id and password,0.0678765682383447,ham,0.1773761722857122,ham,5-fold-oof,5,0.3876397883470313,H0330,0.40822274270710723,H0330|T3730|T3078|T1709|H0015,spam|ham|ham|ham|spam,0.4082|0.3720|0.3720|0.3079|0.2577,False,False,False,0,0.12262637026202845,0.12262637026202845,spam,False,0.37737362973797156,0.7752795766940626,0.5553645712016819
T0260,train,313,spam,"Think ur smart ? Win £200 this week in our weekly quiz, text PLAY to 85222 now!T&Cs WinnersClub PO BOX 84, M26 3UZ. 16+. GBP1.50/week",0.9434288222535688,spam,0.8383683962909211,spam,5-fold-oof,5,0.4212365604490847,T1143,0.22550879608741536,T1143|T2097|T2940|T1949|H1015,ham|spam|spam|ham|spam,0.2255|0.2145|0.1940|0.1894|0.1616,False,False,False,0,0.890898609272245,0.10910139072775504,ham,False,0.39089860927224496,0.8424731208981694,0.5551920298147779
T4455,train,5569,spam,"REMINDER FROM O2: To get 2.50 pounds free call credit and details of great offers pls reply 2 this text with your valid name, house no and postcode",0.9059009147162476,spam,0.873813228298571,spam,5-fold-oof,5,0.5947041787194767,T1832,0.21368545502261027,T1310|T1832|T3540|T3409|T3743,spam|ham|ham|spam|ham,0.2250|0.2137|0.2066|0.1920|0.1915,False,False,False,0,0.8898570715074092,0.11014292849259077,ham,False,0.3898570715074092,0.8105916425610467,0.5445225140096002
T1149,train,1431,spam,For sale - arsenal dartboard. Good condition but no doubles or trebles!,0.0686716481338929,ham,0.1197265638417386,ham,5-fold-oof,5,0.5571764651160142,T3400,0.18784557442873273,T3934|T3400|T0434|T0433|H0625,spam|ham|ham|spam|ham,0.2499|0.1878|0.1698|0.1559|0.1530,True,True,False,2,0.09419910598781575,0.9058008940121842,ham,False,0.4058008940121842,0.8856470697679717,0.5426570398828203
T3501,train,4361,ham,Ü only send me the contents page...,0.0489211659986848,ham,0.10663810173417,ham,5-fold-oof,5,0.5338038213653102,T0712,0.21804390573656796,T2243|T1145|T0712|T3591|T2307,ham|ham|spam|spam|spam,0.3134|0.2407|0.2180|0.2141|0.2023,False,False,False,0,0.0777796338664274,0.0777796338664274,spam,False,0.4222203661335726,0.9323923572693795,0.5285162106406066
T2777,train,3443,spam,Get a FREE mobile video player FREE movie. To collect text GO to 89105. Its free! Extra films can be ordered t's and c's apply. 18 yrs only,0.8735773123272779,spam,0.9257925681388158,spam,5-fold-oof,5,0.5915777899558272,T2999,0.24153094101284167,T3790|T2999|T3290|T2026|T1762,spam|ham|spam|ham|ham,0.2453|0.2415|0.2161|0.2138|0.2130,False,False,False,0,0.8996849402330469,0.1003150597669531,ham,False,0.3996849402330469,0.8168444200883456,0.5273678875692445
T3967,train,4954,spam,"Welcome to Select, an O2 service with added benefits. You can now call our specially trained advisors FREE from your mobile by dialling 402.",0.9428408372260452,spam,0.8637741159360213,spam,5-fold-oof,5,0.5916753855137581,H0267,0.2114021017390333,H0267|H0798|T3580|H0582|T2615,ham|spam|spam|ham|ham,0.2114|0.2052|0.1914|0.1867|0.1766,False,False,False,0,0.9033074765810332,0.09669252341896684,ham,False,0.40330747658103316,0.8166492289724838,0.5200447384269272
T2698,train,3349,ham,No problem baby. Is this is a good time to talk? I called and left a message.,0.0977359240151532,ham,0.0810942850624358,ham,5-fold-oof,5,0.41664642987786515,T3390,0.3582684473174895,T3390|T2230|T3453|T4305|H0964,spam|ham|ham|spam|ham,0.3583|0.3450|0.2826|0.2777|0.2629,False,False,False,0,0.0894151045387945,0.0894151045387945,spam,False,0.41058489546120547,0.8332928597557303,0.5121473529798812
T3889,train,4856,ham,"Also north carolina and texas atm, you would just go to the gre site and pay for the test results to be sent.",0.0595085529938399,ham,0.0981603542972739,ham,5-fold-oof,5,0.5582645251639102,T0500,0.22058970578379533,T1702|T0500|H0417|T2189|T0850,ham|spam|ham|spam|spam,0.2552|0.2206|0.2049|0.1805|0.1805,False,False,False,0,0.0788344536455569,0.0788344536455569,spam,False,0.4211655463544431,0.8834709496721795,0.5110572871599857
T0420,train,517,ham,S:)no competition for him.,0.071688171217975,ham,0.0766862735941312,ham,5-fold-oof,5,0.4481584339739275,T0344,0.2790208932883943,T2639|T0344|T3747|T0413|T1703,ham|spam|ham|spam|spam,0.6535|0.2790|0.2231|0.2164|0.2164,False,False,False,0,0.0741872224060531,0.0741872224060531,spam,False,0.42581277759394687,0.896316867947855,0.5069011919912483
H0735,heldout,3779,spam,"Mila, age23, blonde, new in UK. I look sex with UK guys. if u like fun with me. Text MTALK to 69866.18 . 30pp/txt 1st 5free. £1.50 increments. Help08718728876",0.9701314445303988,spam,0.8787472791456888,spam,fit-all-train,5,0.44156892823024224,T4006,0.13870240900155273,T4006|T1171|T0319|T1557|T0550,ham|spam|ham|spam|spam,0.1387|0.1094|0.1009|0.0975|0.0961,False,False,False,0,0.9244393618380438,0.07556063816195624,ham,False,0.42443936183804376,0.8831378564604845,0.5043764189081064
H0912,heldout,4588,spam,"Mila, age23, blonde, new in UK. I look sex with UK guys. if u like fun with me. Text MTALK to 69866.18 . 30pp/txt 1st 5free. £1.50 increments. Help08718728876",0.9701314445303988,spam,0.8787472791456888,spam,fit-all-train,5,0.44156892823024224,T4006,0.13870240900155273,T4006|T1171|T0319|T1557|T0550,ham|spam|ham|spam|spam,0.1387|0.1094|0.1009|0.0975|0.0961,False,False,False,0,0.9244393618380438,0.07556063816195624,ham,False,0.42443936183804376,0.8831378564604845,0.5043764189081064
T3580,train,4461,spam,"Welcome to UK-mobile-date this msg is FREE giving you free calling to 08719839835. Future mgs billed at 150p daily. To cancel send ""go stop"" to 89123",0.917681467522898,spam,0.9108629686469468,spam,5-fold-oof,5,0.41187885072040187,H0267,0.21232510848645547,T2528|H0267|T0503|T3967|H0657,spam|ham|ham|spam|spam,0.2239|0.2123|0.2068|0.1914|0.1832,False,False,False,0,0.9142722180849224,0.08572778191507757,ham,False,0.41427221808492243,0.8237577014408037,0.5009586444064766
T2867,train,3557,spam,From next month get upto 50% More Calls 4 Ur standard network charge 2 activate Call 9061100010 C Wire3.net 1st4Terms PoBox84 M26 3UZ Cost £1.50 min MobcudB more,0.8846574330964571,spam,0.937598532187756,spam,5-fold-oof,5,0.38928187776340717,T1647,0.16854320433558778,T3500|T1647|H0164|T0119|T2759,spam|ham|ham|spam|spam,0.1989|0.1685|0.1653|0.1634|0.1615,False,False,False,0,0.9111279826421066,0.08887201735789341,ham,False,0.4111279826421066,0.7785637555268143,0.48916953692651255
H0986,heldout,4938,ham,K..k.:)congratulation ..,0.0479127733067245,ham,0.0732286229570304,ham,fit-all-train,5,0.545707821273086,T2904,0.2779163079599275,T0757|T1221|T2904|T3671|T2277,ham|ham|spam|spam|spam,0.3460|0.3378|0.2779|0.2764|0.2672,False,False,False,0,0.06057069813187745,0.06057069813187745,spam,False,0.43942930186812257,0.9085843574538279,0.48457513924528606
T3456,train,4294,ham,G.W.R,0.0527163480627069,ham,0.0563330088997121,ham,5-fold-oof,5,0.5309635832393905,T2875,0.05156135095095504,T3113|T0379|T2875|T3539|T0192,ham|ham|spam|spam|spam,0.0811|0.0547|0.0516|0.0514|0.0508,False,False,False,0,0.054524678481209496,0.054524678481209496,spam,False,0.4454753215187905,0.938072833521219,0.48427849037090664
T3827,train,4776,ham,U repeat e instructions again. Wat's e road name of ur house?,0.0614944395330028,ham,0.088514523577959,ham,5-fold-oof,5,0.4176059779510902,T2153,0.22438425145135288,T2153|H0157|T2245|T2081|H0444,spam|ham|ham|spam|ham,0.2244|0.2103|0.2091|0.2056|0.1802,False,False,False,0,0.0750044815554809,0.0750044815554809,spam,False,0.4249955184445191,0.8352119559021804,0.484093745471834
H0758,heldout,3857,spam,Free msg: Single? Find a partner in your area! 1000s of real people are waiting to chat now!Send CHAT to 62220Cncl send STOPCS 08717890890£1.50 per msg,0.9239673524439418,spam,0.9438891077999414,spam,fit-all-train,5,0.5699222418439437,T0432,0.18271365197713196,T3948|T0550|T0432|T0470|T3109,spam|spam|ham|ham|ham,0.2035|0.1892|0.1827|0.1696|0.1681,False,False,False,0,0.9339282301219416,0.0660717698780584,ham,False,0.4339282301219416,0.8601555163121126,0.4762057462809619
T3948,train,4932,spam,"Hi, the SEXYCHAT girls are waiting for you to text them. Text now for a great night chatting. send STOP to stop this service",0.9413148692055178,spam,0.8978972370446809,spam,5-fold-oof,5,0.3924099449341475,T1459,0.30723759129591954,H0900|T1459|T0774|T0470|T2528,spam|ham|spam|ham|spam,0.3241|0.3072|0.2884|0.2423|0.2384,False,False,False,0,0.9196060531250994,0.08039394687490065,ham,False,0.41960605312509935,0.784819889868295,0.47471584969711933
T2793,train,3461,spam,Not heard from U4 a while. Call me now am here all night with just my knickers on. Make me beg for it like U did last time 01223585236 XX Luv Nikiyu4.net,0.0337664120842229,ham,0.0403555966457297,ham,5-fold-oof,5,0.49598637778679927,T2312,0.2254559481372881,H0618|H0457|T2312|T0070|H1001,spam|spam|ham|ham|ham,0.3155|0.3155|0.2255|0.1980|0.1975,True,True,False,2,0.0370610043649763,0.9629389956350237,ham,False,0.4629389956350237,0.9919727555735985,0.470911110959392
T2759,train,3424,spam,Freemsg: 1-month unlimited free calls! Activate SmartCall Txt: CALL to No: 68866. Subscriptn3gbp/wk unlimited calls Help: 08448714184 Stop?txt stop landlineonly,0.972637324851363,spam,0.9419405278192938,spam,5-fold-oof,5,0.4800932390172823,T2242,0.3995320160147532,T2242|T3127|T3689|T2425|T3290,ham|ham|spam|spam|spam,0.3995|0.3491|0.3160|0.2512|0.2434,False,False,False,0,0.9572889263353284,0.04271107366467164,ham,False,0.45728892633532836,0.9601864780345646,0.46949673854316915
T0976,train,1208,spam,"As a SIM subscriber, you are selected to receive a Bonus! Get it delivered to your door, Txt the word OK to No: 88600 to claim. 150p/msg, EXP. 30Apr",0.91369142968026,spam,0.9448352841274612,spam,5-fold-oof,5,0.4069061019254952,T3386,0.2840397990732837,T3386|T3248|T4193|T0547|T1288,ham|spam|spam|ham|spam,0.2840|0.2586|0.2586|0.2239|0.2232,False,False,False,0,0.9292633569038606,0.07073664309613936,ham,False,0.42926335690386064,0.8138122038509904,0.4669981677326749
T1544,train,1925,ham,Hello. They are going to the village pub at 8 so either come here or there accordingly. Ok?,0.0174952542145441,ham,0.0377499489261125,ham,5-fold-oof,5,0.49254602705244355,T3420,0.3680561213257052,T3420|H0133|T3926|H0095|T3835,spam|ham|spam|ham|ham,0.3681|0.2303|0.2012|0.1836|0.1725,False,False,False,0,0.0276226015703283,0.0276226015703283,spam,False,0.4723773984296717,0.9850920541048871,0.4492820247826115
T2247,train,2792,spam,U’ve Bin Awarded £50 to Play 4 Instant Cash. Call 08715203028 To Claim. EVERY 9th Player Wins Min £50-£500. OptOut 08718727870,0.961085122711368,spam,0.9120934620470188,spam,5-fold-oof,5,0.40164702610630443,T4130,0.1952322488965912,T4088|T4130|T0639|T3594|T1958,spam|ham|spam|ham|spam,0.2038|0.1952|0.1951|0.1703|0.1457,False,False,False,0,0.9365892923791934,0.06341070762080658,ham,False,0.4365892923791934,0.8032940522126089,0.44813903612665673
T1738,train,2174,ham,Yavnt tried yet and never played original either,0.0577872227497239,ham,0.0702943950153778,ham,5-fold-oof,5,0.3756157694743423,T3055,0.1743453830318048,T3835|T3280|T0883|T3055|T3379,ham|ham|ham|spam|spam,0.2033|0.1968|0.1795|0.1743|0.1743,False,False,False,0,0.06404080888255086,0.06404080888255086,spam,False,0.43595919111744913,0.7512315389486846,0.42857423334457556
T1459,train,1815,ham,Yes we are chatting too.,0.0333320563000264,ham,0.0567105047465343,ham,5-fold-oof,5,0.4223088673986198,T3948,0.30723759129591954,T3948|T1804|T0848|T0262|T1255,spam|ham|spam|ham|ham,0.3072|0.2763|0.2363|0.2350|0.2323,False,False,False,0,0.045021280523280346,0.045021280523280346,spam,False,0.45497871947671964,0.8446177347972396,0.42788965496545656
T0757,train,933,ham,Congratulations ore mo owo re wa. Enjoy it and i wish you many happy moments to and fro wherever you go,0.048106889516018,ham,0.0587188395066309,ham,5-fold-oof,5,0.36326014850913774,T2904,0.24737233023583793,H0986|H0942|T4443|T2904|T3671,ham|ham|ham|spam|spam,0.3460|0.2679|0.2522|0.2474|0.2467,False,False,False,0,0.053412864511324445,0.053412864511324445,spam,False,0.44658713548867557,0.7265202970182755,0.39743384782995905
T1505,train,1876,spam,Would you like to see my XXX pics they are so hot they were nearly banned in the uk!,0.0721695004094035,ham,0.0248979973139293,ham,5-fold-oof,5,0.6253143027180529,T4408,0.22324280991946666,T4408|H0678|T2873|T1523|T1471,ham|ham|spam|ham|spam,0.2232|0.2179|0.1917|0.1815|0.1814,True,True,False,2,0.0485337488616664,0.9514662511383336,ham,False,0.4514662511383336,0.7493713945638942,0.3968160555488905
T0398,train,488,spam,"FREE MESSAGE Activate your 500 FREE Text Messages by replying to this message with the word FREE For terms & conditions, visit www.07781482378.com",0.973888733901502,spam,0.9684462313603374,spam,5-fold-oof,5,0.41961218413618934,T3117,0.3066963435897365,T3117|T1199|H0461|T1246|T1573,ham|spam|ham|spam|spam,0.3067|0.2936|0.2568|0.2436|0.2422,False,False,False,0,0.9711674826309197,0.028832517369080324,ham,False,0.4711674826309197,0.8392243682723787,0.39335478204711216
T2670,train,3317,spam,"FREE MESSAGE Activate your 500 FREE Text Messages by replying to this message with the word FREE For terms & conditions, visit www.07781482378.com",0.973888733901502,spam,0.9684462313603374,spam,5-fold-oof,5,0.41961218413618934,T3117,0.3066963435897365,T3117|T1199|H0461|T1246|T1573,ham|spam|ham|spam|spam,0.3067|0.2936|0.2568|0.2436|0.2422,False,False,False,0,0.9711674826309197,0.028832517369080324,ham,False,0.4711674826309197,0.8392243682723787,0.39335478204711216
T4318,train,5399,ham,As in i want custom officer discount oh.,0.027335928154952,ham,0.0585941286467161,ham,5-fold-oof,5,0.3801753683303371,H0425,0.2652705875733876,T4167|T1481|H0425|T0305|T1856,ham|ham|spam|spam|ham,0.3297|0.2821|0.2653|0.2647|0.2522,False,False,False,0,0.04296502840083405,0.04296502840083405,spam,False,0.45703497159916595,0.7603507366606742,0.3900703514659378
T1607,train,2007,ham,Can't take any major roles in community outreach. You rock mel,0.0150845378576327,ham,0.0199617308007843,ham,5-fold-oof,5,0.43285645129250677,H0181,0.24060153173418986,H0181|T0778|H0151|T2957|T4240,spam|ham|spam|ham|ham,0.2406|0.2178|0.1901|0.1758|0.1708,False,False,False,0,0.0175231343292085,0.0175231343292085,spam,False,0.4824768656707915,0.8657129025850135,0.3813314296924224
T2425,train,3015,spam,FREE UNLIMITED HARDCORE PORN direct 2 your mobile Txt PORN to 69200 & get FREE access for 24 hrs then chrgd@50p per day txt Stop 2exit. This msg is free,0.9735836657524212,spam,0.9739886543066812,spam,5-fold-oof,5,0.4057870554851989,T2242,0.3196096151801687,H0563|T2242|T3127|T2759|T4170,spam|ham|ham|spam|spam,0.3399|0.3196|0.2540|0.2512|0.2489,False,False,False,0,0.9737861600295512,0.026213839970448793,ham,False,0.4737861600295512,0.8115741109703978,0.3770573243290567
T4141,train,5176,ham,U 2.,0.0486209571191007,ham,0.0368898818272494,ham,5-fold-oof,5,0.3639213164652502,T0421,0.1347745038748991,T3388|T1165|T0421|T3150|T1000,ham|ham|spam|spam|ham,0.1823|0.1597|0.1348|0.1269|0.1154,False,False,False,0,0.04275541947317505,0.04275541947317505,spam,False,0.45724458052682493,0.7278426329305004,0.3766478921185503
T0305,train,369,spam,Here is your discount code RP176781. To stop further messages reply stop. www.regalportfolio.co.uk. Customer Services 08717205546,0.978409563043391,spam,0.973726025741824,spam,5-fold-oof,5,0.37330348196890634,T4318,0.26469626503218946,H0425|T4318|T3822|T0928|T2774,spam|ham|spam|spam|ham,0.3353|0.2647|0.2390|0.2310|0.2150,False,False,False,0,0.9760677943926075,0.02393220560739251,ham,False,0.4760677943926075,0.7466069639378127,0.3465071967899101
H0900,heldout,4535,spam,Gr8 new service - live sex video chat on your mob - see the sexiest dirtiest girls live on ur phone - 4 details text horny to 89070 to cancel send STOP to 89070,0.9878586013957296,spam,0.966531266368872,spam,fit-all-train,5,0.35734724044267047,T1020,0.19778019737400743,T3948|T1020|T4039|T2894|T0223,spam|ham|ham|spam|spam,0.3241|0.1978|0.1978|0.1938|0.1935,False,False,False,0,0.9771949338823007,0.02280506611769928,ham,False,0.4771949338823007,0.7146944808853409,0.33148792458953497
T2487,train,3090,ham,"'Wnevr i wana fal in luv vth my books, My bed fals in luv vth me..!'' . Yen madodu, nav pretsorginta, nammanna pretsovru important alwa....!!:) Gud eveB-).",0.0100070389106023,ham,0.022724973456102,ham,5-fold-oof,5,0.3638082539609363,T0610,0.14759728438824604,T2988|H0463|T3468|T0610|T4294,ham|ham|ham|spam|spam,0.2085|0.1537|0.1529|0.1476|0.1470,False,False,False,0,0.01636600618335215,0.01636600618335215,spam,False,0.48363399381664784,0.7276165079218726,0.32377861553545334
